,bin,#recs,#g,#b,%g,%b,tot,cg,cb,score_raw,prob(%),odds,log_odds,log_odds_adj,fit,score_calib
1,1.0,2000.0,1984.0,16.0,99.2,0.7999999999999972,2000.0,1984.0,16.0,0.007362170144915581,0.8,0.008065020161290324,-6.954106144764466,-6.954106144764466,-6.692682386264389,599.2195284120684
2,2.0,2000.0,1992.0,8.0,99.6,0.4000000000000057,4000.0,3976.0,24.0,0.007362170144915581,0.4,0.00401656626506024,-7.959821606458086,-6.954106144764466,-6.692682386264389,599.2195284120684
3,3.0,2000.0,1995.0,5.0,99.75,0.25,6000.0,5971.0,29.0,0.007362170144915581,0.25,0.0025067669172932332,-8.639956426064222,-6.954106144764466,-6.692682386264389,599.2195284120684
4,4.0,2000.0,1988.0,12.0,99.4,0.5999999999999943,8000.0,7959.0,41.0,0.007362170144915581,0.6,0.00603672032193159,-7.372019321263469,-6.954106144764466,-6.692682386264389,599.2195284120684
5,5.0,2000.0,1986.0,14.0,99.3,0.7000000000000028,10000.0,9945.0,55.0,0.007362170144915581,0.7,0.007049848942598187,-7.148191939505161,-6.954106144764466,-6.692682386264389,599.2195284120684
6,6.0,2000.0,1993.0,7.0,99.65,0.3499999999999943,12000.0,11938.0,62.0,0.007362170144915581,0.35,0.0035127947817360766,-8.153164988209875,-6.954106144764466,-6.692682386264389,599.2195284120684
7,7.0,2000.0,1992.0,8.0,99.6,0.4000000000000057,14000.0,13930.0,70.0,0.007362170144915581,0.4,0.00401656626506024,-7.959821606458086,-6.954106144764466,-6.692682386264389,599.2195284120684
8,8.0,2000.0,1990.0,10.0,99.5,0.5,16000.0,15920.0,80.0,0.007362170144915581,0.5,0.005025628140703517,-7.6364803582525544,-6.954106144764466,-6.692682386264389,599.2195284120684
9,9.0,2000.0,1990.0,10.0,99.5,0.5,18000.0,17910.0,90.0,0.007362170144915581,0.5,0.005025628140703517,-7.6364803582525544,-6.954106144764466,-6.692682386264389,599.2195284120684
10,10.0,2000.0,1989.0,11.0,99.45,0.5499999999999972,20000.0,19899.0,101.0,0.007362170144915581,0.55,0.0055309200603318245,-7.498264794063009,-6.954106144764466,-6.692682386264389,599.2195284120684
11,11.0,2000.0,1990.0,10.0,99.5,0.5,22000.0,21889.0,111.0,0.007362170144915581,0.5,0.005025628140703517,-7.6364803582525544,-6.954106144764466,-6.692682386264389,599.2195284120684
12,12.0,2000.0,1989.0,11.0,99.45,0.5499999999999972,24000.0,23878.0,122.0,0.007362170144915581,0.55,0.0055309200603318245,-7.498264794063009,-6.954106144764466,-6.692682386264389,599.2195284120684
13,13.0,2000.0,1988.0,12.0,99.4,0.5999999999999943,26000.0,25866.0,134.0,0.007362170144915581,0.6,0.00603672032193159,-7.372019321263469,-6.954106144764466,-6.692682386264389,599.2195284120684
14,14.0,2000.0,1994.0,6.0,99.7,0.29999999999999716,28000.0,27860.0,140.0,0.007362170144915581,0.3,0.003009528585757272,-8.376246764538763,-6.954106144764466,-6.692682386264389,599.2195284120684
15,15.0,2000.0,1987.0,13.0,99.35,0.6500000000000057,30000.0,29847.0,153.0,0.007362170144915581,0.65,0.006543029693004529,-7.255825466835081,-6.954106144764466,-6.692682386264389,599.2195284120684
16,16.0,2000.0,1992.0,8.0,99.6,0.4000000000000057,32000.0,31839.0,161.0,0.007362170144915581,0.4,0.00401656626506024,-7.959821606458086,-6.954106144764466,-6.692682386264389,599.2195284120684
17,17.0,2000.0,1986.0,14.0,99.3,0.7000000000000028,34000.0,33825.0,175.0,0.007362170144915581,0.7,0.007049848942598187,-7.148191939505161,-6.954106144764466,-6.692682386264389,599.2195284120684
18,18.0,2000.0,1993.0,7.0,99.65,0.3499999999999943,36000.0,35818.0,182.0,0.007362170144915581,0.35,0.0035127947817360766,-8.153164988209875,-6.954106144764466,-6.692682386264389,599.2195284120684
19,19.0,2000.0,1988.0,12.0,99.4,0.5999999999999943,38000.0,37806.0,194.0,0.007362170144915581,0.6,0.00603672032193159,-7.372019321263469,-6.954106144764466,-6.692682386264389,599.2195284120684
20,20.0,2000.0,1988.0,12.0,99.4,0.5999999999999943,40000.0,39794.0,206.0,0.007362170144915581,0.6,0.00603672032193159,-7.372019321263469,-6.954106144764466,-6.692682386264389,599.2195284120684
21,21.0,2000.0,1994.0,6.0,99.7,0.29999999999999716,42000.0,41788.0,212.0,0.007362170144915581,0.3,0.003009528585757272,-8.376246764538763,-6.954106144764466,-6.692682386264389,599.2195284120684
22,22.0,2000.0,1991.0,9.0,99.55,0.45000000000000284,44000.0,43779.0,221.0,0.007362170144915581,0.45,0.0045208437970868905,-7.789192213734068,-6.954106144764466,-6.692682386264389,599.2195284120684
23,23.0,2000.0,1993.0,7.0,99.65,0.3499999999999943,46000.0,45772.0,228.0,0.007362170144915581,0.35,0.0035127947817360766,-8.153164988209875,-6.954106144764466,-6.692682386264389,599.2195284120684
24,24.0,2000.0,1987.0,13.0,99.35,0.6500000000000057,48000.0,47759.0,241.0,0.007362170144915581,0.65,0.006543029693004529,-7.255825466835081,-6.954106144764466,-6.692682386264389,599.2195284120684
25,25.0,2000.0,1995.0,5.0,99.75,0.25,50000.0,49754.0,246.0,0.007362170144915581,0.25,0.0025067669172932332,-8.639956426064222,-6.954106144764466,-6.692682386264389,599.2195284120684
26,26.0,2000.0,1983.0,17.0,99.15,0.8499999999999943,52000.0,51737.0,263.0,0.007362170144915581,0.85,0.00857337367624811,-6.8659212590602525,-6.8659212590602525,-6.692682386264389,599.2195284120684
27,27.0,2000.0,1989.0,11.0,99.45,0.5499999999999972,54000.0,53726.0,274.0,0.007362170144915581,0.55,0.0055309200603318245,-7.498264794063009,-6.8659212590602525,-6.692682386264389,599.2195284120684
28,28.0,2000.0,1991.0,9.0,99.55,0.45000000000000284,56000.0,55717.0,283.0,0.007362170144915581,0.45,0.0045208437970868905,-7.789192213734068,-6.8659212590602525,-6.692682386264389,599.2195284120684
29,29.0,2000.0,1995.0,5.0,99.75,0.25,58000.0,57712.0,288.0,0.007362170144915581,0.25,0.0025067669172932332,-8.639956426064222,-6.8659212590602525,-6.692682386264389,599.2195284120684
30,30.0,2000.0,1992.0,8.0,99.6,0.4000000000000057,60000.0,59704.0,296.0,0.007362170144915581,0.4,0.00401656626506024,-7.959821606458086,-6.8659212590602525,-6.692682386264389,599.2195284120684
31,31.0,2000.0,1991.0,9.0,99.55,0.45000000000000284,62000.0,61695.0,305.0,0.007362170144915581,0.45,0.0045208437970868905,-7.789192213734068,-6.8659212590602525,-6.692682386264389,599.2195284120684
32,32.0,2000.0,1992.0,8.0,99.6,0.4000000000000057,64000.0,63687.0,313.0,0.007362170144915581,0.4,0.00401656626506024,-7.959821606458086,-6.8659212590602525,-6.692682386264389,599.2195284120684
33,33.0,2000.0,1990.0,10.0,99.5,0.5,66000.0,65677.0,323.0,0.007362170144915581,0.5,0.005025628140703517,-7.6364803582525544,-6.8659212590602525,-6.692682386264389,599.2195284120684
34,34.0,2000.0,1989.0,11.0,99.45,0.5499999999999972,68000.0,67666.0,334.0,0.007362170144915581,0.55,0.0055309200603318245,-7.498264794063009,-6.8659212590602525,-6.692682386264389,599.2195284120684
35,35.0,2000.0,1993.0,7.0,99.65,0.3499999999999943,70000.0,69659.0,341.0,0.007362170144915581,0.35,0.0035127947817360766,-8.153164988209875,-6.8659212590602525,-6.692682386264389,599.2195284120684
36,36.0,2000.0,1995.0,5.0,99.75,0.25,72000.0,71654.0,346.0,0.007362170144915581,0.25,0.0025067669172932332,-8.639956426064222,-6.8659212590602525,-6.692682386264389,599.2195284120684
37,37.0,2000.0,1987.0,13.0,99.35,0.6500000000000057,74000.0,73641.0,359.0,0.007362170144915581,0.65,0.006543029693004529,-7.255825466835081,-6.8659212590602525,-6.692682386264389,599.2195284120684
38,38.0,2000.0,1990.0,10.0,99.5,0.5,76000.0,75631.0,369.0,0.007362170144915581,0.5,0.005025628140703517,-7.6364803582525544,-6.8659212590602525,-6.692682386264389,599.2195284120684
39,39.0,2000.0,1998.0,2.0,99.9,0.09999999999999432,78000.0,77629.0,371.0,0.007362170144915581,0.1,0.0010015015015015015,-9.963619700548763,-6.8659212590602525,-6.692682386264389,599.2195284120684
40,40.0,2000.0,1983.0,17.0,99.15,0.8499999999999943,80000.0,79612.0,388.0,0.007362170144915581,0.85,0.00857337367624811,-6.8659212590602525,-6.8659212590602525,-6.692682386264389,599.2195284120684
41,41.0,2000.0,1989.0,11.0,99.45,0.5499999999999972,82000.0,81601.0,399.0,0.007362170144915581,0.55,0.0055309200603318245,-7.498264794063009,-6.8659212590602525,-6.692682386264389,599.2195284120684
42,42.0,2000.0,1994.0,6.0,99.7,0.29999999999999716,84000.0,83595.0,405.0,0.007362170144915581,0.3,0.003009528585757272,-8.376246764538763,-6.8659212590602525,-6.692682386264389,599.2195284120684
43,43.0,2000.0,1994.0,6.0,99.7,0.29999999999999716,86000.0,85589.0,411.0,0.007362170144915581,0.3,0.003009528585757272,-8.376246764538763,-6.8659212590602525,-6.692682386264389,599.2195284120684
44,44.0,2000.0,1987.0,13.0,99.35,0.6500000000000057,88000.0,87576.0,424.0,0.007362170144915581,0.65,0.006543029693004529,-7.255825466835081,-6.8659212590602525,-6.692682386264389,599.2195284120684
45,45.0,2000.0,1991.0,9.0,99.55,0.45000000000000284,90000.0,89567.0,433.0,0.007362170144915581,0.45,0.0045208437970868905,-7.789192213734068,-6.8659212590602525,-6.692682386264389,599.2195284120684
46,46.0,2000.0,1989.0,11.0,99.45,0.5499999999999972,92000.0,91556.0,444.0,0.007362170144915581,0.55,0.0055309200603318245,-7.498264794063009,-6.8659212590602525,-6.692682386264389,599.2195284120684
47,47.0,2000.0,1988.0,12.0,99.4,0.5999999999999943,94000.0,93544.0,456.0,0.007362170144915581,0.6,0.00603672032193159,-7.372019321263469,-6.8659212590602525,-6.692682386264389,599.2195284120684
48,48.0,2000.0,1986.0,14.0,99.3,0.7000000000000028,96000.0,95530.0,470.0,0.007362170144915581,0.7,0.007049848942598187,-7.148191939505161,-6.8659212590602525,-6.692682386264389,599.2195284120684
49,49.0,2000.0,1988.0,12.0,99.4,0.5999999999999943,98000.0,97518.0,482.0,0.007362170144915581,0.6,0.00603672032193159,-7.372019321263469,-6.8659212590602525,-6.692682386264389,599.2195284120684
50,50.0,2000.0,1992.0,8.0,99.6,0.4000000000000057,100000.0,99510.0,490.0,0.007362170144915581,0.4,0.00401656626506024,-7.959821606458086,-6.8659212590602525,-6.692682386264389,599.2195284120684
51,51.0,2000.0,1997.0,3.0,99.85,0.15000000000000568,102000.0,101507.0,493.0,0.007362170144915581,0.15,0.0015027541311967952,-9.378175298507772,-6.8659212590602525,-6.692682386264389,599.2195284120684
52,52.0,2000.0,1989.0,11.0,99.45,0.5499999999999972,104000.0,103496.0,504.0,0.007362170144915581,0.55,0.0055309200603318245,-7.498264794063009,-6.8659212590602525,-6.692682386264389,599.2195284120684
53,53.0,2000.0,1992.0,8.0,99.6,0.4000000000000057,106000.0,105488.0,512.0,0.007362170144915581,0.4,0.00401656626506024,-7.959821606458086,-6.8659212590602525,-6.692682386264389,599.2195284120684
54,54.0,2000.0,1994.0,6.0,99.7,0.29999999999999716,108000.0,107482.0,518.0,0.007362170144915581,0.3,0.003009528585757272,-8.376246764538763,-6.8659212590602525,-6.692682386264389,599.2195284120684
55,55.0,2000.0,1990.0,10.0,99.5,0.5,110000.0,109472.0,528.0,0.007362170144915581,0.5,0.005025628140703517,-7.6364803582525544,-6.8659212590602525,-6.692682386264389,599.2195284120684
56,56.0,2000.0,1988.0,12.0,99.4,0.5999999999999943,112000.0,111460.0,540.0,0.007362170144915581,0.6,0.00603672032193159,-7.372019321263469,-6.8659212590602525,-6.692682386264389,599.2195284120684
57,57.0,2000.0,1990.0,10.0,99.5,0.5,114000.0,113450.0,550.0,0.007362170144915581,0.5,0.005025628140703517,-7.6364803582525544,-6.8659212590602525,-6.692682386264389,599.2195284120684
58,58.0,2000.0,1984.0,16.0,99.2,0.7999999999999972,116000.0,115434.0,566.0,0.007362170144915581,0.8,0.008065020161290324,-6.954106144764466,-6.8659212590602525,-6.692682386264389,599.2195284120684
59,59.0,2000.0,1991.0,9.0,99.55,0.45000000000000284,118000.0,117425.0,575.0,0.007362170144915581,0.45,0.0045208437970868905,-7.789192213734068,-6.8659212590602525,-6.692682386264389,599.2195284120684
60,60.0,2000.0,1996.0,4.0,99.8,0.20000000000000284,120000.0,119421.0,579.0,0.007362170144915581,0.2,0.0020045090180360724,-8.962535376653745,-6.8659212590602525,-6.692682386264389,599.2195284120684
61,61.0,2000.0,1992.0,8.0,99.6,0.4000000000000057,122000.0,121413.0,587.0,0.007362170144915581,0.4,0.00401656626506024,-7.959821606458086,-6.8659212590602525,-6.692682386264389,599.2195284120684
62,62.0,2000.0,1988.0,12.0,99.4,0.5999999999999943,124000.0,123401.0,599.0,0.007362170144915581,0.6,0.00603672032193159,-7.372019321263469,-6.8659212590602525,-6.692682386264389,599.2195284120684
63,63.0,2000.0,1992.0,8.0,99.6,0.4000000000000057,126000.0,125393.0,607.0,0.007362170144915581,0.4,0.00401656626506024,-7.959821606458086,-6.8659212590602525,-6.692682386264389,599.2195284120684
64,64.0,2000.0,1988.0,12.0,99.4,0.5999999999999943,128000.0,127381.0,619.0,0.007362170144915581,0.6,0.00603672032193159,-7.372019321263469,-6.8659212590602525,-6.692682386264389,599.2195284120684
65,65.0,2000.0,1983.0,17.0,99.15,0.8499999999999943,130000.0,129364.0,636.0,0.007362170144915581,0.85,0.00857337367624811,-6.8659212590602525,-6.8659212590602525,-6.692682386264389,599.2195284120684
66,66.0,2000.0,1992.0,8.0,99.6,0.4000000000000057,132000.0,131356.0,644.0,0.007362170144915581,0.4,0.00401656626506024,-7.959821606458086,-6.8659212590602525,-6.692682386264389,599.2195284120684
67,67.0,2000.0,1990.0,10.0,99.5,0.5,134000.0,133346.0,654.0,0.007362170144915581,0.5,0.005025628140703517,-7.6364803582525544,-6.8659212590602525,-6.692682386264389,599.2195284120684
68,68.0,2000.0,1983.0,17.0,99.15,0.8499999999999943,136000.0,135329.0,671.0,0.007362170144915581,0.85,0.00857337367624811,-6.8659212590602525,-6.8659212590602525,-6.692682386264389,599.2195284120684
69,69.0,2000.0,1991.0,9.0,99.55,0.45000000000000284,138000.0,137320.0,680.0,0.007362170144915581,0.45,0.0045208437970868905,-7.789192213734068,-6.8659212590602525,-6.692682386264389,599.2195284120684
70,70.0,2000.0,1993.0,7.0,99.65,0.3499999999999943,140000.0,139313.0,687.0,0.007362170144915581,0.35,0.0035127947817360766,-8.153164988209875,-6.8659212590602525,-6.692682386264389,599.2195284120684
71,71.0,2000.0,1988.0,12.0,99.4,0.5999999999999943,142000.0,141301.0,699.0,0.007362170144915581,0.6,0.00603672032193159,-7.372019321263469,-6.8659212590602525,-6.692682386264389,599.2195284120684
72,72.0,2000.0,1986.0,14.0,99.3,0.7000000000000028,144000.0,143287.0,713.0,0.007362170144915581,0.7,0.007049848942598187,-7.148191939505161,-6.8659212590602525,-6.692682386264389,599.2195284120684
73,73.0,2000.0,1987.0,13.0,99.35,0.6500000000000057,146000.0,145274.0,726.0,0.007362170144915581,0.65,0.006543029693004529,-7.255825466835081,-6.8659212590602525,-6.692682386264389,599.2195284120684
74,74.0,2000.0,1988.0,12.0,99.4,0.5999999999999943,148000.0,147262.0,738.0,0.007362170144915581,0.6,0.00603672032193159,-7.372019321263469,-6.8659212590602525,-6.692682386264389,599.2195284120684
75,75.0,2000.0,1991.0,9.0,99.55,0.45000000000000284,150000.0,149253.0,747.0,0.007362170144915581,0.45,0.0045208437970868905,-7.789192213734068,-6.8659212590602525,-6.692682386264389,599.2195284120684
76,76.0,2000.0,1985.0,15.0,99.25,0.75,152000.0,151238.0,762.0,0.007362170144915581,0.75,0.007557178841309823,-7.047936519958256,-6.8659212590602525,-6.692682386264389,599.2195284120684
77,77.0,2000.0,1990.0,10.0,99.5,0.5,154000.0,153228.0,772.0,0.007362170144915581,0.5,0.005025628140703517,-7.6364803582525544,-6.8659212590602525,-6.692682386264389,599.2195284120684
78,78.0,2000.0,1992.0,8.0,99.6,0.4000000000000057,156000.0,155220.0,780.0,0.007362170144915581,0.4,0.00401656626506024,-7.959821606458086,-6.8659212590602525,-6.692682386264389,599.2195284120684
79,79.0,2000.0,1987.0,13.0,99.35,0.6500000000000057,158000.0,157207.0,793.0,0.007362170144915581,0.65,0.006543029693004529,-7.255825466835081,-6.8659212590602525,-6.692682386264389,599.2195284120684
80,80.0,2000.0,1988.0,12.0,99.4,0.5999999999999943,160000.0,159195.0,805.0,0.007362170144915581,0.6,0.00603672032193159,-7.372019321263469,-6.8659212590602525,-6.692682386264389,599.2195284120684
81,81.0,2000.0,1980.0,20.0,99.0,1.0,162000.0,161175.0,825.0,0.007362170144915581,1.0,0.010101515151515151,-6.629284487130874,-6.629284487130874,-6.692682386264389,599.2195284120684
82,82.0,2000.0,1995.0,5.0,99.75,0.25,164000.0,163170.0,830.0,0.007362170144915581,0.25,0.0025067669172932332,-8.639956426064222,-6.629284487130874,-6.692682386264389,599.2195284120684
83,83.0,2000.0,1992.0,8.0,99.6,0.4000000000000057,166000.0,165162.0,838.0,0.007362170144915581,0.4,0.00401656626506024,-7.959821606458086,-6.629284487130874,-6.692682386264389,599.2195284120684
84,84.0,2000.0,1989.0,11.0,99.45,0.5499999999999972,168000.0,167151.0,849.0,0.007362170144915581,0.55,0.0055309200603318245,-7.498264794063009,-6.629284487130874,-6.692682386264389,599.2195284120684
85,85.0,2000.0,1991.0,9.0,99.55,0.45000000000000284,170000.0,169142.0,858.0,0.007362170144915581,0.45,0.0045208437970868905,-7.789192213734068,-6.629284487130874,-6.692682386264389,599.2195284120684
86,86.0,2000.0,1987.0,13.0,99.35,0.6500000000000057,172000.0,171129.0,871.0,0.007362170144915581,0.65,0.006543029693004529,-7.255825466835081,-6.629284487130874,-6.692682386264389,599.2195284120684
87,87.0,2000.0,1984.0,16.0,99.2,0.7999999999999972,174000.0,173113.0,887.0,0.007362170144915581,0.8,0.008065020161290324,-6.954106144764466,-6.629284487130874,-6.692682386264389,599.2195284120684
88,88.0,2000.0,1988.0,12.0,99.4,0.5999999999999943,176000.0,175101.0,899.0,0.007362170144915581,0.6,0.00603672032193159,-7.372019321263469,-6.629284487130874,-6.692682386264389,599.2195284120684
89,89.0,2000.0,1988.0,12.0,99.4,0.5999999999999943,178000.0,177089.0,911.0,0.007362170144915581,0.6,0.00603672032193159,-7.372019321263469,-6.629284487130874,-6.692682386264389,599.2195284120684
90,90.0,2000.0,1995.0,5.0,99.75,0.25,180000.0,179084.0,916.0,0.007362170144915581,0.25,0.0025067669172932332,-8.639956426064222,-6.629284487130874,-6.692682386264389,599.2195284120684
91,91.0,2000.0,1992.0,8.0,99.6,0.4000000000000057,182000.0,181076.0,924.0,0.007362170144915581,0.4,0.00401656626506024,-7.959821606458086,-6.629284487130874,-6.692682386264389,599.2195284120684
92,92.0,2000.0,1990.0,10.0,99.5,0.5,184000.0,183066.0,934.0,0.007362170144915581,0.5,0.005025628140703517,-7.6364803582525544,-6.629284487130874,-6.692682386264389,599.2195284120684
93,93.0,2000.0,1983.0,17.0,99.15,0.8499999999999943,186000.0,185049.0,951.0,0.007362170144915581,0.85,0.00857337367624811,-6.8659212590602525,-6.629284487130874,-6.692682386264389,599.2195284120684
94,94.0,2000.0,1989.0,11.0,99.45,0.5499999999999972,188000.0,187038.0,962.0,0.007362170144915581,0.55,0.0055309200603318245,-7.498264794063009,-6.629284487130874,-6.692682386264389,599.2195284120684
95,95.0,2000.0,1986.0,14.0,99.3,0.7000000000000028,190000.0,189024.0,976.0,0.007362170144915581,0.7,0.007049848942598187,-7.148191939505161,-6.629284487130874,-6.692682386264389,599.2195284120684
96,96.0,2000.0,1980.0,20.0,99.0,1.0,192000.0,191004.0,996.0,0.007362170144915581,1.0,0.010101515151515151,-6.629284487130874,-6.629284487130874,-6.692682386264389,599.2195284120684
97,97.0,2000.0,1992.0,8.0,99.6,0.4000000000000057,194000.0,192996.0,1004.0,0.007362170144915581,0.4,0.00401656626506024,-7.959821606458086,-6.629284487130874,-6.692682386264389,599.2195284120684
98,98.0,2000.0,1986.0,14.0,99.3,0.7000000000000028,196000.0,194982.0,1018.0,0.007362170144915581,0.7,0.007049848942598187,-7.148191939505161,-6.629284487130874,-6.692682386264389,599.2195284120684
99,99.0,2000.0,1990.0,10.0,99.5,0.5,198000.0,196972.0,1028.0,0.007362170144915581,0.5,0.005025628140703517,-7.6364803582525544,-6.629284487130874,-6.692682386264389,599.2195284120684
100,100.0,2000.0,1990.0,10.0,99.5,0.5,200000.0,198962.0,1038.0,0.007362170144915581,0.5,0.005025628140703517,-7.6364803582525544,-6.629284487130874,-6.692682386264389,599.2195284120684
101,101.0,2000.0,1986.0,14.0,99.3,0.7000000000000028,202000.0,200948.0,1052.0,0.007362170144915581,0.7,0.007049848942598187,-7.148191939505161,-6.629284487130874,-6.692682386264389,599.2195284120684
102,102.0,2000.0,1989.0,11.0,99.45,0.5499999999999972,204000.0,202937.0,1063.0,0.007362170144915581,0.55,0.0055309200603318245,-7.498264794063009,-6.629284487130874,-6.692682386264389,599.2195284120684
103,103.0,2000.0,1988.0,12.0,99.4,0.5999999999999943,206000.0,204925.0,1075.0,0.007362170144915581,0.6,0.00603672032193159,-7.372019321263469,-6.629284487130874,-6.692682386264389,599.2195284120684
104,104.0,2000.0,1991.0,9.0,99.55,0.45000000000000284,208000.0,206916.0,1084.0,0.007362170144915581,0.45,0.0045208437970868905,-7.789192213734068,-6.629284487130874,-6.692682386264389,599.2195284120684
105,105.0,2000.0,1994.0,6.0,99.7,0.29999999999999716,210000.0,208910.0,1090.0,0.007362170144915581,0.3,0.003009528585757272,-8.376246764538763,-6.629284487130874,-6.692682386264389,599.2195284120684
106,106.0,2000.0,1988.0,12.0,99.4,0.5999999999999943,212000.0,210898.0,1102.0,0.007362170144915581,0.6,0.00603672032193159,-7.372019321263469,-6.629284487130874,-6.692682386264389,599.2195284120684
107,107.0,2000.0,1992.0,8.0,99.6,0.4000000000000057,214000.0,212890.0,1110.0,0.007362170144915581,0.4,0.00401656626506024,-7.959821606458086,-6.629284487130874,-6.692682386264389,599.2195284120684
108,108.0,2000.0,1985.0,15.0,99.25,0.75,216000.0,214875.0,1125.0,0.007362170144915581,0.75,0.007557178841309823,-7.047936519958256,-6.629284487130874,-6.692682386264389,599.2195284120684
109,109.0,2000.0,1997.0,3.0,99.85,0.15000000000000568,218000.0,216872.0,1128.0,0.007362170144915581,0.15,0.0015027541311967952,-9.378175298507772,-6.629284487130874,-6.692682386264389,599.2195284120684
110,110.0,2000.0,1989.0,11.0,99.45,0.5499999999999972,220000.0,218861.0,1139.0,0.007362170144915581,0.55,0.0055309200603318245,-7.498264794063009,-6.629284487130874,-6.692682386264389,599.2195284120684
111,111.0,2000.0,1990.0,10.0,99.5,0.5,222000.0,220851.0,1149.0,0.007362170144915581,0.5,0.005025628140703517,-7.6364803582525544,-6.629284487130874,-6.692682386264389,599.2195284120684
112,112.0,2000.0,1989.0,11.0,99.45,0.5499999999999972,224000.0,222840.0,1160.0,0.007362170144915581,0.55,0.0055309200603318245,-7.498264794063009,-6.629284487130874,-6.692682386264389,599.2195284120684
113,113.0,2000.0,1984.0,16.0,99.2,0.7999999999999972,226000.0,224824.0,1176.0,0.007362170144915581,0.8,0.008065020161290324,-6.954106144764466,-6.629284487130874,-6.692682386264389,599.2195284120684
114,114.0,2000.0,1992.0,8.0,99.6,0.4000000000000057,228000.0,226816.0,1184.0,0.007362170144915581,0.4,0.00401656626506024,-7.959821606458086,-6.629284487130874,-6.692682386264389,599.2195284120684
115,115.0,2000.0,1987.0,13.0,99.35,0.6500000000000057,230000.0,228803.0,1197.0,0.007362170144915581,0.65,0.006543029693004529,-7.255825466835081,-6.629284487130874,-6.692682386264389,599.2195284120684
116,116.0,2000.0,1984.0,16.0,99.2,0.7999999999999972,232000.0,230787.0,1213.0,0.007362170144915581,0.8,0.008065020161290324,-6.954106144764466,-6.629284487130874,-6.692682386264389,599.2195284120684
117,117.0,2000.0,1990.0,10.0,99.5,0.5,234000.0,232777.0,1223.0,0.007362170144915581,0.5,0.005025628140703517,-7.6364803582525544,-6.629284487130874,-6.692682386264389,599.2195284120684
118,118.0,2000.0,1988.0,12.0,99.4,0.5999999999999943,236000.0,234765.0,1235.0,0.007362170144915581,0.6,0.00603672032193159,-7.372019321263469,-6.629284487130874,-6.692682386264389,599.2195284120684
119,119.0,2000.0,1986.0,14.0,99.3,0.7000000000000028,238000.0,236751.0,1249.0,0.007362170144915581,0.7,0.007049848942598187,-7.148191939505161,-6.629284487130874,-6.692682386264389,599.2195284120684
120,120.0,2000.0,1991.0,9.0,99.55,0.45000000000000284,240000.0,238742.0,1258.0,0.007362170144915581,0.45,0.0045208437970868905,-7.789192213734068,-6.629284487130874,-6.692682386264389,599.2195284120684
121,121.0,2000.0,1983.0,17.0,99.15,0.8499999999999943,242000.0,240725.0,1275.0,0.007362170144915581,0.85,0.00857337367624811,-6.8659212590602525,-6.629284487130874,-6.692682386264389,599.2195284120684
122,122.0,2000.0,1993.0,7.0,99.65,0.3499999999999943,244000.0,242718.0,1282.0,0.007362170144915581,0.35,0.0035127947817360766,-8.153164988209875,-6.629284487130874,-6.692682386264389,599.2195284120684
123,123.0,2000.0,1989.0,11.0,99.45,0.5499999999999972,246000.0,244707.0,1293.0,0.007362170144915581,0.55,0.0055309200603318245,-7.498264794063009,-6.629284487130874,-6.692682386264389,599.2195284120684
124,124.0,2000.0,1994.0,6.0,99.7,0.29999999999999716,248000.0,246701.0,1299.0,0.007362170144915581,0.3,0.003009528585757272,-8.376246764538763,-6.629284487130874,-6.692682386264389,599.2195284120684
125,125.0,2000.0,1987.0,13.0,99.35,0.6500000000000057,250000.0,248688.0,1312.0,0.007362170144915581,0.65,0.006543029693004529,-7.255825466835081,-6.629284487130874,-6.692682386264389,599.2195284120684
126,126.0,2000.0,1995.0,5.0,99.75,0.25,252000.0,250683.0,1317.0,0.007362170144915581,0.25,0.0025067669172932332,-8.639956426064222,-6.629284487130874,-6.692682386264389,599.2195284120684
127,127.0,2000.0,1990.0,10.0,99.5,0.5,254000.0,252673.0,1327.0,0.007362170144915581,0.5,0.005025628140703517,-7.6364803582525544,-6.629284487130874,-6.692682386264389,599.2195284120684
128,128.0,2000.0,1985.0,15.0,99.25,0.75,256000.0,254658.0,1342.0,0.007362170144915581,0.75,0.007557178841309823,-7.047936519958256,-6.629284487130874,-6.692682386264389,599.2195284120684
129,129.0,2000.0,1992.0,8.0,99.6,0.4000000000000057,258000.0,256650.0,1350.0,0.007362170144915581,0.4,0.00401656626506024,-7.959821606458086,-6.629284487130874,-6.692682386264389,599.2195284120684
130,130.0,2000.0,1989.0,11.0,99.45,0.5499999999999972,260000.0,258639.0,1361.0,0.007362170144915581,0.55,0.0055309200603318245,-7.498264794063009,-6.629284487130874,-6.692682386264389,599.2195284120684
131,131.0,2000.0,1992.0,8.0,99.6,0.4000000000000057,262000.0,260631.0,1369.0,0.007362170144915581,0.4,0.00401656626506024,-7.959821606458086,-6.629284487130874,-6.692682386264389,599.2195284120684
132,132.0,2000.0,1990.0,10.0,99.5,0.5,264000.0,262621.0,1379.0,0.007362170144915581,0.5,0.005025628140703517,-7.6364803582525544,-6.629284487130874,-6.692682386264389,599.2195284120684
133,133.0,2000.0,1992.0,8.0,99.6,0.4000000000000057,266000.0,264613.0,1387.0,0.007362170144915581,0.4,0.00401656626506024,-7.959821606458086,-6.629284487130874,-6.692682386264389,599.2195284120684
134,134.0,2000.0,1992.0,8.0,99.6,0.4000000000000057,268000.0,266605.0,1395.0,0.007362170144915581,0.4,0.00401656626506024,-7.959821606458086,-6.629284487130874,-6.692682386264389,599.2195284120684
135,135.0,2000.0,1988.0,12.0,99.4,0.5999999999999943,270000.0,268593.0,1407.0,0.007362170144915581,0.6,0.00603672032193159,-7.372019321263469,-6.629284487130874,-6.692682386264389,599.2195284120684
136,136.0,2000.0,1991.0,9.0,99.55,0.45000000000000284,272000.0,270584.0,1416.0,0.007362170144915581,0.45,0.0045208437970868905,-7.789192213734068,-6.629284487130874,-6.692682386264389,599.2195284120684
137,137.0,2000.0,1988.0,12.0,99.4,0.5999999999999943,274000.0,272572.0,1428.0,0.007362170144915581,0.6,0.00603672032193159,-7.372019321263469,-6.629284487130874,-6.692682386264389,599.2195284120684
138,138.0,2000.0,1988.0,12.0,99.4,0.5999999999999943,276000.0,274560.0,1440.0,0.007362170144915581,0.6,0.00603672032193159,-7.372019321263469,-6.629284487130874,-6.692682386264389,599.2195284120684
139,139.0,2000.0,1990.0,10.0,99.5,0.5,278000.0,276550.0,1450.0,0.007362170144915581,0.5,0.005025628140703517,-7.6364803582525544,-6.629284487130874,-6.692682386264389,599.2195284120684
140,140.0,2000.0,1990.0,10.0,99.5,0.5,280000.0,278540.0,1460.0,0.007362170144915581,0.5,0.005025628140703517,-7.6364803582525544,-6.629284487130874,-6.692682386264389,599.2195284120684
141,141.0,2000.0,1989.0,11.0,99.45,0.5499999999999972,282000.0,280529.0,1471.0,0.007362170144915581,0.55,0.0055309200603318245,-7.498264794063009,-6.629284487130874,-6.692682386264389,599.2195284120684
142,142.0,2000.0,1989.0,11.0,99.45,0.5499999999999972,284000.0,282518.0,1482.0,0.007362170144915581,0.55,0.0055309200603318245,-7.498264794063009,-6.629284487130874,-6.692682386264389,599.2195284120684
143,143.0,2000.0,1985.0,15.0,99.25,0.75,286000.0,284503.0,1497.0,0.007362170144915581,0.75,0.007557178841309823,-7.047936519958256,-6.629284487130874,-6.692682386264389,599.2195284120684
144,144.0,2000.0,1981.0,19.0,99.05,0.9500000000000028,288000.0,286484.0,1516.0,0.007362170144915581,0.95,0.009591620393740535,-6.704009722126082,-6.629284487130874,-6.692682386264389,599.2195284120684
145,145.0,2000.0,1990.0,10.0,99.5,0.5,290000.0,288474.0,1526.0,0.007362170144915581,0.5,0.005025628140703517,-7.6364803582525544,-6.629284487130874,-6.692682386264389,599.2195284120684
146,146.0,2000.0,1990.0,10.0,99.5,0.5,292000.0,290464.0,1536.0,0.007362170144915581,0.5,0.005025628140703517,-7.6364803582525544,-6.629284487130874,-6.692682386264389,599.2195284120684
147,147.0,2000.0,1985.0,15.0,99.25,0.75,294000.0,292449.0,1551.0,0.007362170144915581,0.75,0.007557178841309823,-7.047936519958256,-6.629284487130874,-6.692682386264389,599.2195284120684
148,148.0,2000.0,1991.0,9.0,99.55,0.45000000000000284,296000.0,294440.0,1560.0,0.007362170144915581,0.45,0.0045208437970868905,-7.789192213734068,-6.629284487130874,-6.692682386264389,599.2195284120684
149,149.0,2000.0,1997.0,3.0,99.85,0.15000000000000568,298000.0,296437.0,1563.0,0.007362170144915581,0.15,0.0015027541311967952,-9.378175298507772,-6.629284487130874,-6.692682386264389,599.2195284120684
150,150.0,2000.0,1990.0,10.0,99.5,0.5,300000.0,298427.0,1573.0,0.007362170144915581,0.5,0.005025628140703517,-7.6364803582525544,-6.629284487130874,-6.692682386264389,599.2195284120684
151,151.0,2000.0,1994.0,6.0,99.7,0.29999999999999716,302000.0,300421.0,1579.0,0.007362170144915581,0.3,0.003009528585757272,-8.376246764538763,-6.629284487130874,-6.692682386264389,599.2195284120684
152,152.0,2000.0,1985.0,15.0,99.25,0.75,304000.0,302406.0,1594.0,0.007362170144915581,0.75,0.007557178841309823,-7.047936519958256,-6.629284487130874,-6.692682386264389,599.2195284120684
153,153.0,2000.0,1997.0,3.0,99.85,0.15000000000000568,306000.0,304403.0,1597.0,0.007362170144915581,0.15,0.0015027541311967952,-9.378175298507772,-6.629284487130874,-6.692682386264389,599.2195284120684
154,154.0,2000.0,1989.0,11.0,99.45,0.5499999999999972,308000.0,306392.0,1608.0,0.007362170144915581,0.55,0.0055309200603318245,-7.498264794063009,-6.629284487130874,-6.692682386264389,599.2195284120684
155,155.0,2000.0,1986.0,14.0,99.3,0.7000000000000028,310000.0,308378.0,1622.0,0.007362170144915581,0.7,0.007049848942598187,-7.148191939505161,-6.629284487130874,-6.692682386264389,599.2195284120684
156,156.0,2000.0,1991.0,9.0,99.55,0.45000000000000284,312000.0,310369.0,1631.0,0.007362170144915581,0.45,0.0045208437970868905,-7.789192213734068,-6.629284487130874,-6.692682386264389,599.2195284120684
157,157.0,2000.0,1989.0,11.0,99.45,0.5499999999999972,314000.0,312358.0,1642.0,0.007362170144915581,0.55,0.0055309200603318245,-7.498264794063009,-6.629284487130874,-6.692682386264389,599.2195284120684
158,158.0,2000.0,1990.0,10.0,99.5,0.5,316000.0,314348.0,1652.0,0.007362170144915581,0.5,0.005025628140703517,-7.6364803582525544,-6.629284487130874,-6.692682386264389,599.2195284120684
159,159.0,2000.0,1993.0,7.0,99.65,0.3499999999999943,318000.0,316341.0,1659.0,0.007362170144915581,0.35,0.0035127947817360766,-8.153164988209875,-6.629284487130874,-6.692682386264389,599.2195284120684
160,160.0,2000.0,1993.0,7.0,99.65,0.3499999999999943,320000.0,318334.0,1666.0,0.007362170144915581,0.35,0.0035127947817360766,-8.153164988209875,-6.629284487130874,-6.692682386264389,599.2195284120684
161,161.0,2000.0,1988.0,12.0,99.4,0.5999999999999943,322000.0,320322.0,1678.0,0.007362170144915581,0.6,0.00603672032193159,-7.372019321263469,-6.629284487130874,-6.692682386264389,599.2195284120684
162,162.0,2000.0,1987.0,13.0,99.35,0.6500000000000057,324000.0,322309.0,1691.0,0.007362170144915581,0.65,0.006543029693004529,-7.255825466835081,-6.629284487130874,-6.692682386264389,599.2195284120684
163,163.0,2000.0,1991.0,9.0,99.55,0.45000000000000284,326000.0,324300.0,1700.0,0.007362170144915581,0.45,0.0045208437970868905,-7.789192213734068,-6.629284487130874,-6.692682386264389,599.2195284120684
164,164.0,2000.0,1991.0,9.0,99.55,0.45000000000000284,328000.0,326291.0,1709.0,0.007362170144915581,0.45,0.0045208437970868905,-7.789192213734068,-6.629284487130874,-6.692682386264389,599.2195284120684
165,165.0,2000.0,1991.0,9.0,99.55,0.45000000000000284,330000.0,328282.0,1718.0,0.007362170144915581,0.45,0.0045208437970868905,-7.789192213734068,-6.629284487130874,-6.692682386264389,599.2195284120684
166,166.0,2000.0,1994.0,6.0,99.7,0.29999999999999716,332000.0,330276.0,1724.0,0.007362170144915581,0.3,0.003009528585757272,-8.376246764538763,-6.629284487130874,-6.692682386264389,599.2195284120684
167,167.0,2000.0,1988.0,12.0,99.4,0.5999999999999943,334000.0,332264.0,1736.0,0.007362170144915581,0.6,0.00603672032193159,-7.372019321263469,-6.629284487130874,-6.692682386264389,599.2195284120684
168,168.0,2000.0,1986.0,14.0,99.3,0.7000000000000028,336000.0,334250.0,1750.0,0.007362170144915581,0.7,0.007049848942598187,-7.148191939505161,-6.629284487130874,-6.692682386264389,599.2195284120684
169,169.0,2000.0,1986.0,14.0,99.3,0.7000000000000028,338000.0,336236.0,1764.0,0.007362170144915581,0.7,0.007049848942598187,-7.148191939505161,-6.629284487130874,-6.692682386264389,599.2195284120684
170,170.0,2000.0,1988.0,12.0,99.4,0.5999999999999943,340000.0,338224.0,1776.0,0.007362170144915581,0.6,0.00603672032193159,-7.372019321263469,-6.629284487130874,-6.692682386264389,599.2195284120684
171,171.0,2000.0,1989.0,11.0,99.45,0.5499999999999972,342000.0,340213.0,1787.0,0.007362170144915581,0.55,0.0055309200603318245,-7.498264794063009,-6.629284487130874,-6.692682386264389,599.2195284120684
172,172.0,2000.0,1992.0,8.0,99.6,0.4000000000000057,344000.0,342205.0,1795.0,0.007362170144915581,0.4,0.00401656626506024,-7.959821606458086,-6.629284487130874,-6.692682386264389,599.2195284120684
173,173.0,2000.0,1988.0,12.0,99.4,0.5999999999999943,346000.0,344193.0,1807.0,0.007362170144915581,0.6,0.00603672032193159,-7.372019321263469,-6.629284487130874,-6.692682386264389,599.2195284120684
174,174.0,2000.0,1990.0,10.0,99.5,0.5,348000.0,346183.0,1817.0,0.007362170144915581,0.5,0.005025628140703517,-7.6364803582525544,-6.629284487130874,-6.692682386264389,599.2195284120684
175,175.0,2000.0,1989.0,11.0,99.45,0.5499999999999972,350000.0,348172.0,1828.0,0.007362170144915581,0.55,0.0055309200603318245,-7.498264794063009,-6.629284487130874,-6.692682386264389,599.2195284120684
176,176.0,2000.0,1990.0,10.0,99.5,0.5,352000.0,350162.0,1838.0,0.007362170144915581,0.5,0.005025628140703517,-7.6364803582525544,-6.629284487130874,-6.692682386264389,599.2195284120684
177,177.0,2000.0,1995.0,5.0,99.75,0.25,354000.0,352157.0,1843.0,0.007362170144915581,0.25,0.0025067669172932332,-8.639956426064222,-6.629284487130874,-6.692682386264389,599.2195284120684
178,178.0,2000.0,1985.0,15.0,99.25,0.75,356000.0,354142.0,1858.0,0.007362170144915581,0.75,0.007557178841309823,-7.047936519958256,-6.629284487130874,-6.692682386264389,599.2195284120684
179,179.0,2000.0,1985.0,15.0,99.25,0.75,358000.0,356127.0,1873.0,0.007362170144915581,0.75,0.007557178841309823,-7.047936519958256,-6.629284487130874,-6.692682386264389,599.2195284120684
180,180.0,2000.0,1995.0,5.0,99.75,0.25,360000.0,358122.0,1878.0,0.007362170144915581,0.25,0.0025067669172932332,-8.639956426064222,-6.629284487130874,-6.692682386264389,599.2195284120684
181,181.0,2000.0,1989.0,11.0,99.45,0.5499999999999972,362000.0,360111.0,1889.0,0.007362170144915581,0.55,0.0055309200603318245,-7.498264794063009,-6.629284487130874,-6.692682386264389,599.2195284120684
182,182.0,2000.0,1984.0,16.0,99.2,0.7999999999999972,364000.0,362095.0,1905.0,0.007362170144915581,0.8,0.008065020161290324,-6.954106144764466,-6.629284487130874,-6.692682386264389,599.2195284120684
183,183.0,2000.0,1989.0,11.0,99.45,0.5499999999999972,366000.0,364084.0,1916.0,0.007362170144915581,0.55,0.0055309200603318245,-7.498264794063009,-6.629284487130874,-6.692682386264389,599.2195284120684
184,184.0,2000.0,1991.0,9.0,99.55,0.45000000000000284,368000.0,366075.0,1925.0,0.007362170144915581,0.45,0.0045208437970868905,-7.789192213734068,-6.629284487130874,-6.692682386264389,599.2195284120684
185,185.0,2000.0,1989.0,11.0,99.45,0.5499999999999972,370000.0,368064.0,1936.0,0.007362170144915581,0.55,0.0055309200603318245,-7.498264794063009,-6.629284487130874,-6.692682386264389,599.2195284120684
186,186.0,2000.0,1991.0,9.0,99.55,0.45000000000000284,372000.0,370055.0,1945.0,0.007362170144915581,0.45,0.0045208437970868905,-7.789192213734068,-6.629284487130874,-6.692682386264389,599.2195284120684
187,187.0,2000.0,1991.0,9.0,99.55,0.45000000000000284,374000.0,372046.0,1954.0,0.007362170144915581,0.45,0.0045208437970868905,-7.789192213734068,-6.629284487130874,-6.692682386264389,599.2195284120684
188,188.0,2000.0,1988.0,12.0,99.4,0.5999999999999943,376000.0,374034.0,1966.0,0.007362170144915581,0.6,0.00603672032193159,-7.372019321263469,-6.629284487130874,-6.692682386264389,599.2195284120684
189,189.0,2000.0,1987.0,13.0,99.35,0.6500000000000057,378000.0,376021.0,1979.0,0.007362170144915581,0.65,0.006543029693004529,-7.255825466835081,-6.629284487130874,-6.692682386264389,599.2195284120684
190,190.0,2000.0,1992.0,8.0,99.6,0.4000000000000057,380000.0,378013.0,1987.0,0.007362170144915581,0.4,0.00401656626506024,-7.959821606458086,-6.629284487130874,-6.692682386264389,599.2195284120684
191,191.0,2000.0,1992.0,8.0,99.6,0.4000000000000057,382000.0,380005.0,1995.0,0.007362170144915581,0.4,0.00401656626506024,-7.959821606458086,-6.629284487130874,-6.692682386264389,599.2195284120684
192,192.0,2000.0,1992.0,8.0,99.6,0.4000000000000057,384000.0,381997.0,2003.0,0.007362170144915581,0.4,0.00401656626506024,-7.959821606458086,-6.629284487130874,-6.692682386264389,599.2195284120684
193,193.0,2000.0,1991.0,9.0,99.55,0.45000000000000284,386000.0,383988.0,2012.0,0.007362170144915581,0.45,0.0045208437970868905,-7.789192213734068,-6.629284487130874,-6.692682386264389,599.2195284120684
194,194.0,2000.0,1989.0,11.0,99.45,0.5499999999999972,388000.0,385977.0,2023.0,0.007362170144915581,0.55,0.0055309200603318245,-7.498264794063009,-6.629284487130874,-6.692682386264389,599.2195284120684
195,195.0,2000.0,1984.0,16.0,99.2,0.7999999999999972,390000.0,387961.0,2039.0,0.007362170144915581,0.8,0.008065020161290324,-6.954106144764466,-6.629284487130874,-6.692682386264389,599.2195284120684
196,196.0,2000.0,1990.0,10.0,99.5,0.5,392000.0,389951.0,2049.0,0.007362170144915581,0.5,0.005025628140703517,-7.6364803582525544,-6.629284487130874,-6.692682386264389,599.2195284120684
197,197.0,2000.0,1989.0,11.0,99.45,0.5499999999999972,394000.0,391940.0,2060.0,0.007362170144915581,0.55,0.0055309200603318245,-7.498264794063009,-6.629284487130874,-6.692682386264389,599.2195284120684
198,198.0,2000.0,1989.0,11.0,99.45,0.5499999999999972,396000.0,393929.0,2071.0,0.007362170144915581,0.55,0.0055309200603318245,-7.498264794063009,-6.629284487130874,-6.692682386264389,599.2195284120684
199,199.0,2000.0,1987.0,13.0,99.35,0.6500000000000057,398000.0,395916.0,2084.0,0.007362170144915581,0.65,0.006543029693004529,-7.255825466835081,-6.629284487130874,-6.692682386264389,599.2195284120684
200,200.0,2000.0,1988.0,12.0,99.4,0.5999999999999943,400000.0,397904.0,2096.0,0.007362170144915581,0.6,0.00603672032193159,-7.372019321263469,-6.629284487130874,-6.692682386264389,599.2195284120684
201,201.0,2000.0,1986.0,14.0,99.3,0.7000000000000028,402000.0,399890.0,2110.0,0.007362170144915581,0.7,0.007049848942598187,-7.148191939505161,-6.629284487130874,-6.692682386264389,599.2195284120684
202,202.0,2000.0,1991.0,9.0,99.55,0.45000000000000284,404000.0,401881.0,2119.0,0.007362170144915581,0.45,0.0045208437970868905,-7.789192213734068,-6.629284487130874,-6.692682386264389,599.2195284120684
203,203.0,2000.0,1991.0,9.0,99.55,0.45000000000000284,406000.0,403872.0,2128.0,0.007362170144915581,0.45,0.0045208437970868905,-7.789192213734068,-6.629284487130874,-6.692682386264389,599.2195284120684
204,204.0,2000.0,1987.0,13.0,99.35,0.6500000000000057,408000.0,405859.0,2141.0,0.007362170144915581,0.65,0.006543029693004529,-7.255825466835081,-6.629284487130874,-6.692682386264389,599.2195284120684
205,205.0,2000.0,1991.0,9.0,99.55,0.45000000000000284,410000.0,407850.0,2150.0,0.007362170144915581,0.45,0.0045208437970868905,-7.789192213734068,-6.629284487130874,-6.692682386264389,599.2195284120684
206,206.0,2000.0,1989.0,11.0,99.45,0.5499999999999972,412000.0,409839.0,2161.0,0.007362170144915581,0.55,0.0055309200603318245,-7.498264794063009,-6.629284487130874,-6.692682386264389,599.2195284120684
207,207.0,2000.0,1990.0,10.0,99.5,0.5,414000.0,411829.0,2171.0,0.007362170144915581,0.5,0.005025628140703517,-7.6364803582525544,-6.629284487130874,-6.692682386264389,599.2195284120684
208,208.0,2000.0,1991.0,9.0,99.55,0.45000000000000284,416000.0,413820.0,2180.0,0.007362170144915581,0.45,0.0045208437970868905,-7.789192213734068,-6.629284487130874,-6.692682386264389,599.2195284120684
209,209.0,2000.0,1993.0,7.0,99.65,0.3499999999999943,418000.0,415813.0,2187.0,0.007362170144915581,0.35,0.0035127947817360766,-8.153164988209875,-6.629284487130874,-6.692682386264389,599.2195284120684
210,210.0,2000.0,1994.0,6.0,99.7,0.29999999999999716,420000.0,417807.0,2193.0,0.007362170144915581,0.3,0.003009528585757272,-8.376246764538763,-6.629284487130874,-6.692682386264389,599.2195284120684
211,211.0,2000.0,1986.0,14.0,99.3,0.7000000000000028,422000.0,419793.0,2207.0,0.007362170144915581,0.7,0.007049848942598187,-7.148191939505161,-6.629284487130874,-6.692682386264389,599.2195284120684
212,212.0,2000.0,1992.0,8.0,99.6,0.4000000000000057,424000.0,421785.0,2215.0,0.007362170144915581,0.4,0.00401656626506024,-7.959821606458086,-6.629284487130874,-6.692682386264389,599.2195284120684
213,213.0,2000.0,1990.0,10.0,99.5,0.5,426000.0,423775.0,2225.0,0.007362170144915581,0.5,0.005025628140703517,-7.6364803582525544,-6.629284487130874,-6.692682386264389,599.2195284120684
214,214.0,2000.0,1991.0,9.0,99.55,0.45000000000000284,428000.0,425766.0,2234.0,0.007362170144915581,0.45,0.0045208437970868905,-7.789192213734068,-6.629284487130874,-6.692682386264389,599.2195284120684
215,215.0,2000.0,1992.0,8.0,99.6,0.4000000000000057,430000.0,427758.0,2242.0,0.007362170144915581,0.4,0.00401656626506024,-7.959821606458086,-6.629284487130874,-6.692682386264389,599.2195284120684
216,216.0,2000.0,1988.0,12.0,99.4,0.5999999999999943,432000.0,429746.0,2254.0,0.007362170144915581,0.6,0.00603672032193159,-7.372019321263469,-6.629284487130874,-6.692682386264389,599.2195284120684
217,217.0,2000.0,1993.0,7.0,99.65,0.3499999999999943,434000.0,431739.0,2261.0,0.007362170144915581,0.35,0.0035127947817360766,-8.153164988209875,-6.629284487130874,-6.692682386264389,599.2195284120684
218,218.0,2000.0,1989.0,11.0,99.45,0.5499999999999972,436000.0,433728.0,2272.0,0.007362170144915581,0.55,0.0055309200603318245,-7.498264794063009,-6.629284487130874,-6.692682386264389,599.2195284120684
219,219.0,2000.0,1984.0,16.0,99.2,0.7999999999999972,438000.0,435712.0,2288.0,0.007362170144915581,0.8,0.008065020161290324,-6.954106144764466,-6.629284487130874,-6.692682386264389,599.2195284120684
220,220.0,2000.0,1993.0,7.0,99.65,0.3499999999999943,440000.0,437705.0,2295.0,0.007362170144915581,0.35,0.0035127947817360766,-8.153164988209875,-6.629284487130874,-6.692682386264389,599.2195284120684
221,221.0,2000.0,1991.0,9.0,99.55,0.45000000000000284,442000.0,439696.0,2304.0,0.007362170144915581,0.45,0.0045208437970868905,-7.789192213734068,-6.629284487130874,-6.692682386264389,599.2195284120684
222,222.0,2000.0,1995.0,5.0,99.75,0.25,444000.0,441691.0,2309.0,0.007362170144915581,0.25,0.0025067669172932332,-8.639956426064222,-6.629284487130874,-6.692682386264389,599.2195284120684
223,223.0,2000.0,1994.0,6.0,99.7,0.29999999999999716,446000.0,443685.0,2315.0,0.007362170144915581,0.3,0.003009528585757272,-8.376246764538763,-6.629284487130874,-6.692682386264389,599.2195284120684
224,224.0,2000.0,1986.0,14.0,99.3,0.7000000000000028,448000.0,445671.0,2329.0,0.007362170144915581,0.7,0.007049848942598187,-7.148191939505161,-6.629284487130874,-6.692682386264389,599.2195284120684
225,225.0,2000.0,1989.0,11.0,99.45,0.5499999999999972,450000.0,447660.0,2340.0,0.007362170144915581,0.55,0.0055309200603318245,-7.498264794063009,-6.629284487130874,-6.692682386264389,599.2195284120684
226,226.0,2000.0,1984.0,16.0,99.2,0.7999999999999972,452000.0,449644.0,2356.0,0.007419956382364035,0.8,0.008065020161290324,-6.954106144764466,-6.629284487130874,-6.678342259224238,599.6497322232728
227,227.0,2000.0,1994.0,6.0,99.7,0.29999999999999716,454000.0,451638.0,2362.0,0.007425881456583738,0.3,0.003009528585757272,-8.376246764538763,-6.629284487130874,-6.676880404885486,599.6935878534355
228,228.0,2000.0,1991.0,9.0,99.55,0.45000000000000284,456000.0,453629.0,2371.0,0.007425881456583738,0.45,0.0045208437970868905,-7.789192213734068,-6.629284487130874,-6.676880404885486,599.6935878534355
229,229.0,2000.0,1993.0,7.0,99.65,0.3499999999999943,458000.0,455622.0,2378.0,0.007425881456583738,0.35,0.0035127947817360766,-8.153164988209875,-6.629284487130874,-6.676880404885486,599.6935878534355
230,230.0,2000.0,1993.0,7.0,99.65,0.3499999999999943,460000.0,457615.0,2385.0,0.007425881456583738,0.35,0.0035127947817360766,-8.153164988209875,-6.629284487130874,-6.676880404885486,599.6935878534355
231,231.0,2000.0,1990.0,10.0,99.5,0.5,462000.0,459605.0,2395.0,0.007425881456583738,0.5,0.005025628140703517,-7.6364803582525544,-6.629284487130874,-6.676880404885486,599.6935878534355
232,232.0,2000.0,1989.0,11.0,99.45,0.5499999999999972,464000.0,461594.0,2406.0,0.007425881456583738,0.55,0.0055309200603318245,-7.498264794063009,-6.629284487130874,-6.676880404885486,599.6935878534355
233,233.0,2000.0,1993.0,7.0,99.65,0.3499999999999943,466000.0,463587.0,2413.0,0.007425881456583738,0.35,0.0035127947817360766,-8.153164988209875,-6.629284487130874,-6.676880404885486,599.6935878534355
234,234.0,2000.0,1985.0,15.0,99.25,0.75,468000.0,465572.0,2428.0,0.007425881456583738,0.75,0.007557178841309823,-7.047936519958256,-6.629284487130874,-6.676880404885486,599.6935878534355
235,235.0,2000.0,1990.0,10.0,99.5,0.5,470000.0,467562.0,2438.0,0.007425881456583738,0.5,0.005025628140703517,-7.6364803582525544,-6.629284487130874,-6.676880404885486,599.6935878534355
236,236.0,2000.0,1993.0,7.0,99.65,0.3499999999999943,472000.0,469555.0,2445.0,0.007425881456583738,0.35,0.0035127947817360766,-8.153164988209875,-6.629284487130874,-6.676880404885486,599.6935878534355
237,237.0,2000.0,1985.0,15.0,99.25,0.75,474000.0,471540.0,2460.0,0.007425881456583738,0.75,0.007557178841309823,-7.047936519958256,-6.629284487130874,-6.676880404885486,599.6935878534355
238,238.0,2000.0,1981.0,19.0,99.05,0.9500000000000028,476000.0,473521.0,2479.0,0.007425881456583738,0.95,0.009591620393740535,-6.704009722126082,-6.629284487130874,-6.676880404885486,599.6935878534355
239,239.0,2000.0,1984.0,16.0,99.2,0.7999999999999972,478000.0,475505.0,2495.0,0.007425881456583738,0.8,0.008065020161290324,-6.954106144764466,-6.629284487130874,-6.676880404885486,599.6935878534355
240,240.0,2000.0,1985.0,15.0,99.25,0.75,480000.0,477490.0,2510.0,0.007425881456583738,0.75,0.007557178841309823,-7.047936519958256,-6.629284487130874,-6.676880404885486,599.6935878534355
241,241.0,2000.0,1989.0,11.0,99.45,0.5499999999999972,482000.0,479479.0,2521.0,0.007425881456583738,0.55,0.0055309200603318245,-7.498264794063009,-6.629284487130874,-6.676880404885486,599.6935878534355
242,242.0,2000.0,1990.0,10.0,99.5,0.5,484000.0,481469.0,2531.0,0.007425881456583738,0.5,0.005025628140703517,-7.6364803582525544,-6.629284487130874,-6.676880404885486,599.6935878534355
243,243.0,2000.0,1991.0,9.0,99.55,0.45000000000000284,486000.0,483460.0,2540.0,0.007425881456583738,0.45,0.0045208437970868905,-7.789192213734068,-6.629284487130874,-6.676880404885486,599.6935878534355
244,244.0,2000.0,1984.0,16.0,99.2,0.7999999999999972,488000.0,485444.0,2556.0,0.007425881456583738,0.8,0.008065020161290324,-6.954106144764466,-6.629284487130874,-6.676880404885486,599.6935878534355
245,245.0,2000.0,1991.0,9.0,99.55,0.45000000000000284,490000.0,487435.0,2565.0,0.007425881456583738,0.45,0.0045208437970868905,-7.789192213734068,-6.629284487130874,-6.676880404885486,599.6935878534355
246,246.0,2000.0,1983.0,17.0,99.15,0.8499999999999943,492000.0,489418.0,2582.0,0.007425881456583738,0.85,0.00857337367624811,-6.8659212590602525,-6.629284487130874,-6.676880404885486,599.6935878534355
247,247.0,2000.0,1991.0,9.0,99.55,0.45000000000000284,494000.0,491409.0,2591.0,0.007425881456583738,0.45,0.0045208437970868905,-7.789192213734068,-6.629284487130874,-6.676880404885486,599.6935878534355
248,248.0,2000.0,1989.0,11.0,99.45,0.5499999999999972,496000.0,493398.0,2602.0,0.007425881456583738,0.55,0.0055309200603318245,-7.498264794063009,-6.629284487130874,-6.676880404885486,599.6935878534355
249,249.0,2000.0,1987.0,13.0,99.35,0.6500000000000057,498000.0,495385.0,2615.0,0.007425881456583738,0.65,0.006543029693004529,-7.255825466835081,-6.629284487130874,-6.676880404885486,599.6935878534355
250,250.0,2000.0,1990.0,10.0,99.5,0.5,500000.0,497375.0,2625.0,0.007425881456583738,0.5,0.005025628140703517,-7.6364803582525544,-6.629284487130874,-6.676880404885486,599.6935878534355
251,251.0,2000.0,1988.0,12.0,99.4,0.5999999999999943,502000.0,499363.0,2637.0,0.007425881456583738,0.6,0.00603672032193159,-7.372019321263469,-6.629284487130874,-6.676880404885486,599.6935878534355
252,252.0,2000.0,1990.0,10.0,99.5,0.5,504000.0,501353.0,2647.0,0.007425881456583738,0.5,0.005025628140703517,-7.6364803582525544,-6.629284487130874,-6.676880404885486,599.6935878534355
253,253.0,2000.0,1990.0,10.0,99.5,0.5,506000.0,503343.0,2657.0,0.007425881456583738,0.5,0.005025628140703517,-7.6364803582525544,-6.629284487130874,-6.676880404885486,599.6935878534355
254,254.0,2000.0,1989.0,11.0,99.45,0.5499999999999972,508000.0,505332.0,2668.0,0.007425881456583738,0.55,0.0055309200603318245,-7.498264794063009,-6.629284487130874,-6.676880404885486,599.6935878534355
255,255.0,2000.0,1991.0,9.0,99.55,0.45000000000000284,510000.0,507323.0,2677.0,0.007425881456583738,0.45,0.0045208437970868905,-7.789192213734068,-6.629284487130874,-6.676880404885486,599.6935878534355
256,256.0,2000.0,1986.0,14.0,99.3,0.7000000000000028,512000.0,509309.0,2691.0,0.007425881456583738,0.7,0.007049848942598187,-7.148191939505161,-6.629284487130874,-6.676880404885486,599.6935878534355
257,257.0,2000.0,1990.0,10.0,99.5,0.5,514000.0,511299.0,2701.0,0.007425881456583738,0.5,0.005025628140703517,-7.6364803582525544,-6.629284487130874,-6.676880404885486,599.6935878534355
258,258.0,2000.0,1986.0,14.0,99.3,0.7000000000000028,516000.0,513285.0,2715.0,0.007425881456583738,0.7,0.007049848942598187,-7.148191939505161,-6.629284487130874,-6.676880404885486,599.6935878534355
259,259.0,2000.0,1988.0,12.0,99.4,0.5999999999999943,518000.0,515273.0,2727.0,0.007425881456583738,0.6,0.00603672032193159,-7.372019321263469,-6.629284487130874,-6.676880404885486,599.6935878534355
260,260.0,2000.0,1990.0,10.0,99.5,0.5,520000.0,517263.0,2737.0,0.007425881456583738,0.5,0.005025628140703517,-7.6364803582525544,-6.629284487130874,-6.676880404885486,599.6935878534355
261,261.0,2000.0,1988.0,12.0,99.4,0.5999999999999943,522000.0,519251.0,2749.0,0.007425881456583738,0.6,0.00603672032193159,-7.372019321263469,-6.629284487130874,-6.676880404885486,599.6935878534355
262,262.0,2000.0,1986.0,14.0,99.3,0.7000000000000028,524000.0,521237.0,2763.0,0.007425881456583738,0.7,0.007049848942598187,-7.148191939505161,-6.629284487130874,-6.676880404885486,599.6935878534355
263,263.0,2000.0,1986.0,14.0,99.3,0.7000000000000028,526000.0,523223.0,2777.0,0.007425881456583738,0.7,0.007049848942598187,-7.148191939505161,-6.629284487130874,-6.676880404885486,599.6935878534355
264,264.0,2000.0,1984.0,16.0,99.2,0.7999999999999972,528000.0,525207.0,2793.0,0.007425881456583738,0.8,0.008065020161290324,-6.954106144764466,-6.629284487130874,-6.676880404885486,599.6935878534355
265,265.0,2000.0,1991.0,9.0,99.55,0.45000000000000284,530000.0,527198.0,2802.0,0.007425881456583738,0.45,0.0045208437970868905,-7.789192213734068,-6.629284487130874,-6.676880404885486,599.6935878534355
266,266.0,2000.0,1993.0,7.0,99.65,0.3499999999999943,532000.0,529191.0,2809.0,0.007425881456583738,0.35,0.0035127947817360766,-8.153164988209875,-6.629284487130874,-6.676880404885486,599.6935878534355
267,267.0,2000.0,1993.0,7.0,99.65,0.3499999999999943,534000.0,531184.0,2816.0,0.007425881456583738,0.35,0.0035127947817360766,-8.153164988209875,-6.629284487130874,-6.676880404885486,599.6935878534355
268,268.0,2000.0,1983.0,17.0,99.15,0.8499999999999943,536000.0,533167.0,2833.0,0.007425881456583738,0.85,0.00857337367624811,-6.8659212590602525,-6.629284487130874,-6.676880404885486,599.6935878534355
269,269.0,2000.0,1985.0,15.0,99.25,0.75,538000.0,535152.0,2848.0,0.007425881456583738,0.75,0.007557178841309823,-7.047936519958256,-6.629284487130874,-6.676880404885486,599.6935878534355
270,270.0,2000.0,1993.0,7.0,99.65,0.3499999999999943,540000.0,537145.0,2855.0,0.007425881456583738,0.35,0.0035127947817360766,-8.153164988209875,-6.629284487130874,-6.676880404885486,599.6935878534355
271,271.0,2000.0,1990.0,10.0,99.5,0.5,542000.0,539135.0,2865.0,0.007425881456583738,0.5,0.005025628140703517,-7.6364803582525544,-6.629284487130874,-6.676880404885486,599.6935878534355
272,272.0,2000.0,1979.0,21.0,98.95,1.0499999999999972,544000.0,541114.0,2886.0,0.007425881456583738,1.05,0.010611925214754927,-6.558169776140557,-6.558169776140557,-6.676880404885486,599.6935878534355
273,273.0,2000.0,1993.0,7.0,99.65,0.3499999999999943,546000.0,543107.0,2893.0,0.007425881456583738,0.35,0.0035127947817360766,-8.153164988209875,-6.558169776140557,-6.676880404885486,599.6935878534355
274,274.0,2000.0,1992.0,8.0,99.6,0.4000000000000057,548000.0,545099.0,2901.0,0.007425881456583738,0.4,0.00401656626506024,-7.959821606458086,-6.558169776140557,-6.676880404885486,599.6935878534355
275,275.0,2000.0,1989.0,11.0,99.45,0.5499999999999972,550000.0,547088.0,2912.0,0.007425881456583738,0.55,0.0055309200603318245,-7.498264794063009,-6.558169776140557,-6.676880404885486,599.6935878534355
276,276.0,2000.0,1983.0,17.0,99.15,0.8499999999999943,552000.0,549071.0,2929.0,0.007425881456583738,0.85,0.00857337367624811,-6.8659212590602525,-6.558169776140557,-6.676880404885486,599.6935878534355
277,277.0,2000.0,1986.0,14.0,99.3,0.7000000000000028,554000.0,551057.0,2943.0,0.007425881456583738,0.7,0.007049848942598187,-7.148191939505161,-6.558169776140557,-6.676880404885486,599.6935878534355
278,278.0,2000.0,1987.0,13.0,99.35,0.6500000000000057,556000.0,553044.0,2956.0,0.007425881456583738,0.65,0.006543029693004529,-7.255825466835081,-6.558169776140557,-6.676880404885486,599.6935878534355
279,279.0,2000.0,1985.0,15.0,99.25,0.75,558000.0,555029.0,2971.0,0.007425881456583738,0.75,0.007557178841309823,-7.047936519958256,-6.558169776140557,-6.676880404885486,599.6935878534355
280,280.0,2000.0,1991.0,9.0,99.55,0.45000000000000284,560000.0,557020.0,2980.0,0.007425881456583738,0.45,0.0045208437970868905,-7.789192213734068,-6.558169776140557,-6.676880404885486,599.6935878534355
281,281.0,2000.0,1987.0,13.0,99.35,0.6500000000000057,562000.0,559007.0,2993.0,0.007425881456583738,0.65,0.006543029693004529,-7.255825466835081,-6.558169776140557,-6.676880404885486,599.6935878534355
282,282.0,2000.0,1989.0,11.0,99.45,0.5499999999999972,564000.0,560996.0,3004.0,0.007425881456583738,0.55,0.0055309200603318245,-7.498264794063009,-6.558169776140557,-6.676880404885486,599.6935878534355
283,283.0,2000.0,1991.0,9.0,99.55,0.45000000000000284,566000.0,562987.0,3013.0,0.007425881456583738,0.45,0.0045208437970868905,-7.789192213734068,-6.558169776140557,-6.676880404885486,599.6935878534355
284,284.0,2000.0,1992.0,8.0,99.6,0.4000000000000057,568000.0,564979.0,3021.0,0.007425881456583738,0.4,0.00401656626506024,-7.959821606458086,-6.558169776140557,-6.676880404885486,599.6935878534355
285,285.0,2000.0,1989.0,11.0,99.45,0.5499999999999972,570000.0,566968.0,3032.0,0.007425881456583738,0.55,0.0055309200603318245,-7.498264794063009,-6.558169776140557,-6.676880404885486,599.6935878534355
286,286.0,2000.0,1989.0,11.0,99.45,0.5499999999999972,572000.0,568957.0,3043.0,0.007425881456583738,0.55,0.0055309200603318245,-7.498264794063009,-6.558169776140557,-6.676880404885486,599.6935878534355
287,287.0,2000.0,1986.0,14.0,99.3,0.7000000000000028,574000.0,570943.0,3057.0,0.007425881456583738,0.7,0.007049848942598187,-7.148191939505161,-6.558169776140557,-6.676880404885486,599.6935878534355
288,288.0,2000.0,1989.0,11.0,99.45,0.5499999999999972,576000.0,572932.0,3068.0,0.007442719768732786,0.55,0.0055309200603318245,-7.498264794063009,-6.558169776140557,-6.672734547090397,599.8179635872881
289,289.0,2000.0,1982.0,18.0,99.1,0.9000000000000057,578000.0,574914.0,3086.0,0.007514506112784147,0.9,0.009082240161453078,-6.782736098245981,-6.558169776140557,-6.655199879780795,600.3440036065762
290,290.0,2000.0,1982.0,18.0,99.1,0.9000000000000057,580000.0,576896.0,3104.0,0.007514506112784147,0.9,0.009082240161453078,-6.782736098245981,-6.558169776140557,-6.655199879780795,600.3440036065762
291,291.0,2000.0,1988.0,12.0,99.4,0.5999999999999943,582000.0,578884.0,3116.0,0.007514506112784147,0.6,0.00603672032193159,-7.372019321263469,-6.558169776140557,-6.655199879780795,600.3440036065762
292,292.0,2000.0,1989.0,11.0,99.45,0.5499999999999972,584000.0,580873.0,3127.0,0.007514506112784147,0.55,0.0055309200603318245,-7.498264794063009,-6.558169776140557,-6.655199879780795,600.3440036065762
293,293.0,2000.0,1997.0,3.0,99.85,0.15000000000000568,586000.0,582870.0,3130.0,0.007514506112784147,0.15,0.0015027541311967952,-9.378175298507772,-6.558169776140557,-6.655199879780795,600.3440036065762
294,294.0,2000.0,1987.0,13.0,99.35,0.6500000000000057,588000.0,584857.0,3143.0,0.007514506112784147,0.65,0.006543029693004529,-7.255825466835081,-6.558169776140557,-6.655199879780795,600.3440036065762
295,295.0,2000.0,1991.0,9.0,99.55,0.45000000000000284,590000.0,586848.0,3152.0,0.007514506112784147,0.45,0.0045208437970868905,-7.789192213734068,-6.558169776140557,-6.655199879780795,600.3440036065762
296,296.0,2000.0,1986.0,14.0,99.3,0.7000000000000028,592000.0,588834.0,3166.0,0.007514506112784147,0.7,0.007049848942598187,-7.148191939505161,-6.558169776140557,-6.655199879780795,600.3440036065762
297,297.0,2000.0,1990.0,10.0,99.5,0.5,594000.0,590824.0,3176.0,0.007514506112784147,0.5,0.005025628140703517,-7.6364803582525544,-6.558169776140557,-6.655199879780795,600.3440036065762
298,298.0,2000.0,1981.0,19.0,99.05,0.9500000000000028,596000.0,592805.0,3195.0,0.007514506112784147,0.95,0.009591620393740535,-6.704009722126082,-6.558169776140557,-6.655199879780795,600.3440036065762
299,299.0,2000.0,1990.0,10.0,99.5,0.5,598000.0,594795.0,3205.0,0.007514506112784147,0.5,0.005025628140703517,-7.6364803582525544,-6.558169776140557,-6.655199879780795,600.3440036065762
300,300.0,2000.0,1990.0,10.0,99.5,0.5,600000.0,596785.0,3215.0,0.007514506112784147,0.5,0.005025628140703517,-7.6364803582525544,-6.558169776140557,-6.655199879780795,600.3440036065762
301,301.0,2000.0,1988.0,12.0,99.4,0.5999999999999943,602000.0,598773.0,3227.0,0.007514506112784147,0.6,0.00603672032193159,-7.372019321263469,-6.558169776140557,-6.655199879780795,600.3440036065762
302,302.0,2000.0,1982.0,18.0,99.1,0.9000000000000057,604000.0,600755.0,3245.0,0.007578129880130291,0.9,0.009082240161453078,-6.782736098245981,-6.558169776140557,-6.639845518605929,600.8046344418221
303,303.0,2000.0,1992.0,8.0,99.6,0.4000000000000057,606000.0,602747.0,3253.0,0.0075795273296535015,0.4,0.00401656626506024,-7.959821606458086,-6.558169776140557,-6.639510206344321,600.8146938096704
304,304.0,2000.0,1984.0,16.0,99.2,0.7999999999999972,608000.0,604731.0,3269.0,0.0075795273296535015,0.8,0.008065020161290324,-6.954106144764466,-6.558169776140557,-6.639510206344321,600.8146938096704
305,305.0,2000.0,1984.0,16.0,99.2,0.7999999999999972,610000.0,606715.0,3285.0,0.0075795273296535015,0.8,0.008065020161290324,-6.954106144764466,-6.558169776140557,-6.639510206344321,600.8146938096704
306,306.0,2000.0,1992.0,8.0,99.6,0.4000000000000057,612000.0,608707.0,3293.0,0.0075795273296535015,0.4,0.00401656626506024,-7.959821606458086,-6.558169776140557,-6.639510206344321,600.8146938096704
307,307.0,2000.0,1992.0,8.0,99.6,0.4000000000000057,614000.0,610699.0,3301.0,0.0075795273296535015,0.4,0.00401656626506024,-7.959821606458086,-6.558169776140557,-6.639510206344321,600.8146938096704
308,308.0,2000.0,1984.0,16.0,99.2,0.7999999999999972,616000.0,612683.0,3317.0,0.0075795273296535015,0.8,0.008065020161290324,-6.954106144764466,-6.558169776140557,-6.639510206344321,600.8146938096704
309,309.0,2000.0,1981.0,19.0,99.05,0.9500000000000028,618000.0,614664.0,3336.0,0.0075795273296535015,0.95,0.009591620393740535,-6.704009722126082,-6.558169776140557,-6.639510206344321,600.8146938096704
310,310.0,2000.0,1991.0,9.0,99.55,0.45000000000000284,620000.0,616655.0,3345.0,0.007596755865961313,0.45,0.0045208437970868905,-7.789192213734068,-6.558169776140557,-6.635383057484201,600.938508275474
311,311.0,2000.0,1991.0,9.0,99.55,0.45000000000000284,622000.0,618646.0,3354.0,0.007599039003252983,0.45,0.0045208437970868905,-7.789192213734068,-6.558169776140557,-6.634837062089178,600.9548881373246
312,312.0,2000.0,1989.0,11.0,99.45,0.5499999999999972,624000.0,620635.0,3365.0,0.007599039003252983,0.55,0.0055309200603318245,-7.498264794063009,-6.558169776140557,-6.634837062089178,600.9548881373246
313,313.0,2000.0,1987.0,13.0,99.35,0.6500000000000057,626000.0,622622.0,3378.0,0.007599039003252983,0.65,0.006543029693004529,-7.255825466835081,-6.558169776140557,-6.634837062089178,600.9548881373246
314,314.0,2000.0,1988.0,12.0,99.4,0.5999999999999943,628000.0,624610.0,3390.0,0.007599039003252983,0.6,0.00603672032193159,-7.372019321263469,-6.558169776140557,-6.634837062089178,600.9548881373246
315,315.0,2000.0,1987.0,13.0,99.35,0.6500000000000057,630000.0,626597.0,3403.0,0.007599039003252983,0.65,0.006543029693004529,-7.255825466835081,-6.558169776140557,-6.634837062089178,600.9548881373246
316,316.0,2000.0,1989.0,11.0,99.45,0.5499999999999972,632000.0,628586.0,3414.0,0.007599039003252983,0.55,0.0055309200603318245,-7.498264794063009,-6.558169776140557,-6.634837062089178,600.9548881373246
317,317.0,2000.0,1992.0,8.0,99.6,0.4000000000000057,634000.0,630578.0,3422.0,0.007599039003252983,0.4,0.00401656626506024,-7.959821606458086,-6.558169776140557,-6.634837062089178,600.9548881373246
318,318.0,2000.0,1986.0,14.0,99.3,0.7000000000000028,636000.0,632564.0,3436.0,0.007599039003252983,0.7,0.007049848942598187,-7.148191939505161,-6.558169776140557,-6.634837062089178,600.9548881373246
319,319.0,2000.0,1993.0,7.0,99.65,0.3499999999999943,638000.0,634557.0,3443.0,0.007599039003252983,0.35,0.0035127947817360766,-8.153164988209875,-6.558169776140557,-6.634837062089178,600.9548881373246
320,320.0,2000.0,1992.0,8.0,99.6,0.4000000000000057,640000.0,636549.0,3451.0,0.007599039003252983,0.4,0.00401656626506024,-7.959821606458086,-6.558169776140557,-6.634837062089178,600.9548881373246
321,321.0,2000.0,1992.0,8.0,99.6,0.4000000000000057,642000.0,638541.0,3459.0,0.007599039003252983,0.4,0.00401656626506024,-7.959821606458086,-6.558169776140557,-6.634837062089178,600.9548881373246
322,322.0,2000.0,1984.0,16.0,99.2,0.7999999999999972,644000.0,640525.0,3475.0,0.007599039003252983,0.8,0.008065020161290324,-6.954106144764466,-6.558169776140557,-6.634837062089178,600.9548881373246
323,323.0,2000.0,1984.0,16.0,99.2,0.7999999999999972,646000.0,642509.0,3491.0,0.007599039003252983,0.8,0.008065020161290324,-6.954106144764466,-6.558169776140557,-6.634837062089178,600.9548881373246
324,324.0,2000.0,1984.0,16.0,99.2,0.7999999999999972,648000.0,644493.0,3507.0,0.007599039003252983,0.8,0.008065020161290324,-6.954106144764466,-6.558169776140557,-6.634837062089178,600.9548881373246
325,325.0,2000.0,1993.0,7.0,99.65,0.3499999999999943,650000.0,646486.0,3514.0,0.007599039003252983,0.35,0.0035127947817360766,-8.153164988209875,-6.558169776140557,-6.634837062089178,600.9548881373246
326,326.0,2000.0,1989.0,11.0,99.45,0.5499999999999972,652000.0,648475.0,3525.0,0.007599039003252983,0.55,0.0055309200603318245,-7.498264794063009,-6.558169776140557,-6.634837062089178,600.9548881373246
327,327.0,2000.0,1988.0,12.0,99.4,0.5999999999999943,654000.0,650463.0,3537.0,0.007599039003252983,0.6,0.00603672032193159,-7.372019321263469,-6.558169776140557,-6.634837062089178,600.9548881373246
328,328.0,2000.0,1997.0,3.0,99.85,0.15000000000000568,656000.0,652460.0,3540.0,0.007599039003252983,0.15,0.0015027541311967952,-9.378175298507772,-6.558169776140557,-6.634837062089178,600.9548881373246
329,329.0,2000.0,1988.0,12.0,99.4,0.5999999999999943,658000.0,654448.0,3552.0,0.007599039003252983,0.6,0.00603672032193159,-7.372019321263469,-6.558169776140557,-6.634837062089178,600.9548881373246
330,330.0,2000.0,1995.0,5.0,99.75,0.25,660000.0,656443.0,3557.0,0.007599039003252983,0.25,0.0025067669172932332,-8.639956426064222,-6.558169776140557,-6.634837062089178,600.9548881373246
331,331.0,2000.0,1993.0,7.0,99.65,0.3499999999999943,662000.0,658436.0,3564.0,0.007599039003252983,0.35,0.0035127947817360766,-8.153164988209875,-6.558169776140557,-6.634837062089178,600.9548881373246
332,332.0,2000.0,1986.0,14.0,99.3,0.7000000000000028,664000.0,660422.0,3578.0,0.007599039003252983,0.7,0.007049848942598187,-7.148191939505161,-6.558169776140557,-6.634837062089178,600.9548881373246
333,333.0,2000.0,1992.0,8.0,99.6,0.4000000000000057,666000.0,662414.0,3586.0,0.007599039003252983,0.4,0.00401656626506024,-7.959821606458086,-6.558169776140557,-6.634837062089178,600.9548881373246
334,334.0,2000.0,1991.0,9.0,99.55,0.45000000000000284,668000.0,664405.0,3595.0,0.007599039003252983,0.45,0.0045208437970868905,-7.789192213734068,-6.558169776140557,-6.634837062089178,600.9548881373246
335,335.0,2000.0,1988.0,12.0,99.4,0.5999999999999943,670000.0,666393.0,3607.0,0.007599039003252983,0.6,0.00603672032193159,-7.372019321263469,-6.558169776140557,-6.634837062089178,600.9548881373246
336,336.0,2000.0,1989.0,11.0,99.45,0.5499999999999972,672000.0,668382.0,3618.0,0.007599039003252983,0.55,0.0055309200603318245,-7.498264794063009,-6.558169776140557,-6.634837062089178,600.9548881373246
337,337.0,2000.0,1985.0,15.0,99.25,0.75,674000.0,670367.0,3633.0,0.007599039003252983,0.75,0.007557178841309823,-7.047936519958256,-6.558169776140557,-6.634837062089178,600.9548881373246
338,338.0,2000.0,1984.0,16.0,99.2,0.7999999999999972,676000.0,672351.0,3649.0,0.007599039003252983,0.8,0.008065020161290324,-6.954106144764466,-6.558169776140557,-6.634837062089178,600.9548881373246
339,339.0,2000.0,1990.0,10.0,99.5,0.5,678000.0,674341.0,3659.0,0.007599039003252983,0.5,0.005025628140703517,-7.6364803582525544,-6.558169776140557,-6.634837062089178,600.9548881373246
340,340.0,2000.0,1989.0,11.0,99.45,0.5499999999999972,680000.0,676330.0,3670.0,0.007599039003252983,0.55,0.0055309200603318245,-7.498264794063009,-6.558169776140557,-6.634837062089178,600.9548881373246
341,341.0,2000.0,1990.0,10.0,99.5,0.5,682000.0,678320.0,3680.0,0.007599039003252983,0.5,0.005025628140703517,-7.6364803582525544,-6.558169776140557,-6.634837062089178,600.9548881373246
342,342.0,2000.0,1987.0,13.0,99.35,0.6500000000000057,684000.0,680307.0,3693.0,0.007599039003252983,0.65,0.006543029693004529,-7.255825466835081,-6.558169776140557,-6.634837062089178,600.9548881373246
343,343.0,2000.0,1991.0,9.0,99.55,0.45000000000000284,686000.0,682298.0,3702.0,0.007599039003252983,0.45,0.0045208437970868905,-7.789192213734068,-6.558169776140557,-6.634837062089178,600.9548881373246
344,344.0,2000.0,1990.0,10.0,99.5,0.5,688000.0,684288.0,3712.0,0.007599039003252983,0.5,0.005025628140703517,-7.6364803582525544,-6.558169776140557,-6.634837062089178,600.9548881373246
345,345.0,2000.0,1989.0,11.0,99.45,0.5499999999999972,690000.0,686277.0,3723.0,0.007599039003252983,0.55,0.0055309200603318245,-7.498264794063009,-6.558169776140557,-6.634837062089178,600.9548881373246
346,346.0,2000.0,1987.0,13.0,99.35,0.6500000000000057,692000.0,688264.0,3736.0,0.007599039003252983,0.65,0.006543029693004529,-7.255825466835081,-6.558169776140557,-6.634837062089178,600.9548881373246
347,347.0,2000.0,1988.0,12.0,99.4,0.5999999999999943,694000.0,690252.0,3748.0,0.007599039003252983,0.6,0.00603672032193159,-7.372019321263469,-6.558169776140557,-6.634837062089178,600.9548881373246
348,348.0,2000.0,1991.0,9.0,99.55,0.45000000000000284,696000.0,692243.0,3757.0,0.007599039003252983,0.45,0.0045208437970868905,-7.789192213734068,-6.558169776140557,-6.634837062089178,600.9548881373246
349,349.0,2000.0,1990.0,10.0,99.5,0.5,698000.0,694233.0,3767.0,0.007599039003252983,0.5,0.005025628140703517,-7.6364803582525544,-6.558169776140557,-6.634837062089178,600.9548881373246
350,350.0,2000.0,1985.0,15.0,99.25,0.75,700000.0,696218.0,3782.0,0.007599039003252983,0.75,0.007557178841309823,-7.047936519958256,-6.558169776140557,-6.634837062089178,600.9548881373246
351,351.0,2000.0,1987.0,13.0,99.35,0.6500000000000057,702000.0,698205.0,3795.0,0.007599039003252983,0.65,0.006543029693004529,-7.255825466835081,-6.558169776140557,-6.634837062089178,600.9548881373246
352,352.0,2000.0,1985.0,15.0,99.25,0.75,704000.0,700190.0,3810.0,0.007599039003252983,0.75,0.007557178841309823,-7.047936519958256,-6.558169776140557,-6.634837062089178,600.9548881373246
353,353.0,2000.0,1989.0,11.0,99.45,0.5499999999999972,706000.0,702179.0,3821.0,0.007599039003252983,0.55,0.0055309200603318245,-7.498264794063009,-6.558169776140557,-6.634837062089178,600.9548881373246
354,354.0,2000.0,1995.0,5.0,99.75,0.25,708000.0,704174.0,3826.0,0.007599039003252983,0.25,0.0025067669172932332,-8.639956426064222,-6.558169776140557,-6.634837062089178,600.9548881373246
355,355.0,2000.0,1988.0,12.0,99.4,0.5999999999999943,710000.0,706162.0,3838.0,0.007599039003252983,0.6,0.00603672032193159,-7.372019321263469,-6.558169776140557,-6.634837062089178,600.9548881373246
356,356.0,2000.0,1992.0,8.0,99.6,0.4000000000000057,712000.0,708154.0,3846.0,0.007599039003252983,0.4,0.00401656626506024,-7.959821606458086,-6.558169776140557,-6.634837062089178,600.9548881373246
357,357.0,2000.0,1990.0,10.0,99.5,0.5,714000.0,710144.0,3856.0,0.007599039003252983,0.5,0.005025628140703517,-7.6364803582525544,-6.558169776140557,-6.634837062089178,600.9548881373246
358,358.0,2000.0,1991.0,9.0,99.55,0.45000000000000284,716000.0,712135.0,3865.0,0.007599039003252983,0.45,0.0045208437970868905,-7.789192213734068,-6.558169776140557,-6.634837062089178,600.9548881373246
359,359.0,2000.0,1989.0,11.0,99.45,0.5499999999999972,718000.0,714124.0,3876.0,0.007599039003252983,0.55,0.0055309200603318245,-7.498264794063009,-6.558169776140557,-6.634837062089178,600.9548881373246
360,360.0,2000.0,1987.0,13.0,99.35,0.6500000000000057,720000.0,716111.0,3889.0,0.007599039003252983,0.65,0.006543029693004529,-7.255825466835081,-6.558169776140557,-6.634837062089178,600.9548881373246
361,361.0,2000.0,1991.0,9.0,99.55,0.45000000000000284,722000.0,718102.0,3898.0,0.007599039003252983,0.45,0.0045208437970868905,-7.789192213734068,-6.558169776140557,-6.634837062089178,600.9548881373246
362,362.0,2000.0,1990.0,10.0,99.5,0.5,724000.0,720092.0,3908.0,0.007599039003252983,0.5,0.005025628140703517,-7.6364803582525544,-6.558169776140557,-6.634837062089178,600.9548881373246
363,363.0,2000.0,1991.0,9.0,99.55,0.45000000000000284,726000.0,722083.0,3917.0,0.007599039003252983,0.45,0.0045208437970868905,-7.789192213734068,-6.558169776140557,-6.634837062089178,600.9548881373246
364,364.0,2000.0,1993.0,7.0,99.65,0.3499999999999943,728000.0,724076.0,3924.0,0.007599039003252983,0.35,0.0035127947817360766,-8.153164988209875,-6.558169776140557,-6.634837062089178,600.9548881373246
365,365.0,2000.0,1990.0,10.0,99.5,0.5,730000.0,726066.0,3934.0,0.007599039003252983,0.5,0.005025628140703517,-7.6364803582525544,-6.558169776140557,-6.634837062089178,600.9548881373246
366,366.0,2000.0,1988.0,12.0,99.4,0.5999999999999943,732000.0,728054.0,3946.0,0.007599039003252983,0.6,0.00603672032193159,-7.372019321263469,-6.558169776140557,-6.634837062089178,600.9548881373246
367,367.0,2000.0,1989.0,11.0,99.45,0.5499999999999972,734000.0,730043.0,3957.0,0.007599039003252983,0.55,0.0055309200603318245,-7.498264794063009,-6.558169776140557,-6.634837062089178,600.9548881373246
368,368.0,2000.0,1992.0,8.0,99.6,0.4000000000000057,736000.0,732035.0,3965.0,0.007599039003252983,0.4,0.00401656626506024,-7.959821606458086,-6.558169776140557,-6.634837062089178,600.9548881373246
369,369.0,2000.0,1989.0,11.0,99.45,0.5499999999999972,738000.0,734024.0,3976.0,0.007599039003252983,0.55,0.0055309200603318245,-7.498264794063009,-6.558169776140557,-6.634837062089178,600.9548881373246
370,370.0,2000.0,1984.0,16.0,99.2,0.7999999999999972,740000.0,736008.0,3992.0,0.007599039003252983,0.8,0.008065020161290324,-6.954106144764466,-6.558169776140557,-6.634837062089178,600.9548881373246
371,371.0,2000.0,1986.0,14.0,99.3,0.7000000000000028,742000.0,737994.0,4006.0,0.007599039003252983,0.7,0.007049848942598187,-7.148191939505161,-6.558169776140557,-6.634837062089178,600.9548881373246
372,372.0,2000.0,1989.0,11.0,99.45,0.5499999999999972,744000.0,739983.0,4017.0,0.007599039003252983,0.55,0.0055309200603318245,-7.498264794063009,-6.558169776140557,-6.634837062089178,600.9548881373246
373,373.0,2000.0,1987.0,13.0,99.35,0.6500000000000057,746000.0,741970.0,4030.0,0.007599039003252983,0.65,0.006543029693004529,-7.255825466835081,-6.558169776140557,-6.634837062089178,600.9548881373246
374,374.0,2000.0,1993.0,7.0,99.65,0.3499999999999943,748000.0,743963.0,4037.0,0.007599039003252983,0.35,0.0035127947817360766,-8.153164988209875,-6.558169776140557,-6.634837062089178,600.9548881373246
375,375.0,2000.0,1987.0,13.0,99.35,0.6500000000000057,750000.0,745950.0,4050.0,0.007599039003252983,0.65,0.006543029693004529,-7.255825466835081,-6.558169776140557,-6.634837062089178,600.9548881373246
376,376.0,2000.0,1995.0,5.0,99.75,0.25,752000.0,747945.0,4055.0,0.007599039003252983,0.25,0.0025067669172932332,-8.639956426064222,-6.558169776140557,-6.634837062089178,600.9548881373246
377,377.0,2000.0,1985.0,15.0,99.25,0.75,754000.0,749930.0,4070.0,0.007599039003252983,0.75,0.007557178841309823,-7.047936519958256,-6.558169776140557,-6.634837062089178,600.9548881373246
378,378.0,2000.0,1986.0,14.0,99.3,0.7000000000000028,756000.0,751916.0,4084.0,0.007599039003252983,0.7,0.007049848942598187,-7.148191939505161,-6.558169776140557,-6.634837062089178,600.9548881373246
379,379.0,2000.0,1990.0,10.0,99.5,0.5,758000.0,753906.0,4094.0,0.007599039003252983,0.5,0.005025628140703517,-7.6364803582525544,-6.558169776140557,-6.634837062089178,600.9548881373246
380,380.0,2000.0,1987.0,13.0,99.35,0.6500000000000057,760000.0,755893.0,4107.0,0.007599039003252983,0.65,0.006543029693004529,-7.255825466835081,-6.558169776140557,-6.634837062089178,600.9548881373246
381,381.0,2000.0,1984.0,16.0,99.2,0.7999999999999972,762000.0,757877.0,4123.0,0.007599039003252983,0.8,0.008065020161290324,-6.954106144764466,-6.558169776140557,-6.634837062089178,600.9548881373246
382,382.0,2000.0,1988.0,12.0,99.4,0.5999999999999943,764000.0,759865.0,4135.0,0.007599039003252983,0.6,0.00603672032193159,-7.372019321263469,-6.558169776140557,-6.634837062089178,600.9548881373246
383,383.0,2000.0,1986.0,14.0,99.3,0.7000000000000028,766000.0,761851.0,4149.0,0.007599039003252983,0.7,0.007049848942598187,-7.148191939505161,-6.558169776140557,-6.634837062089178,600.9548881373246
384,384.0,2000.0,1992.0,8.0,99.6,0.4000000000000057,768000.0,763843.0,4157.0,0.007599039003252983,0.4,0.00401656626506024,-7.959821606458086,-6.558169776140557,-6.634837062089178,600.9548881373246
385,385.0,2000.0,1988.0,12.0,99.4,0.5999999999999943,770000.0,765831.0,4169.0,0.007599039003252983,0.6,0.00603672032193159,-7.372019321263469,-6.558169776140557,-6.634837062089178,600.9548881373246
386,386.0,2000.0,1990.0,10.0,99.5,0.5,772000.0,767821.0,4179.0,0.007599039003252983,0.5,0.005025628140703517,-7.6364803582525544,-6.558169776140557,-6.634837062089178,600.9548881373246
387,387.0,2000.0,1990.0,10.0,99.5,0.5,774000.0,769811.0,4189.0,0.007599039003252983,0.5,0.005025628140703517,-7.6364803582525544,-6.558169776140557,-6.634837062089178,600.9548881373246
388,388.0,2000.0,1986.0,14.0,99.3,0.7000000000000028,776000.0,771797.0,4203.0,0.007599039003252983,0.7,0.007049848942598187,-7.148191939505161,-6.558169776140557,-6.634837062089178,600.9548881373246
389,389.0,2000.0,1989.0,11.0,99.45,0.5499999999999972,778000.0,773786.0,4214.0,0.007599039003252983,0.55,0.0055309200603318245,-7.498264794063009,-6.558169776140557,-6.634837062089178,600.9548881373246
390,390.0,2000.0,1992.0,8.0,99.6,0.4000000000000057,780000.0,775778.0,4222.0,0.007599039003252983,0.4,0.00401656626506024,-7.959821606458086,-6.558169776140557,-6.634837062089178,600.9548881373246
391,391.0,2000.0,1986.0,14.0,99.3,0.7000000000000028,782000.0,777764.0,4236.0,0.007599039003252983,0.7,0.007049848942598187,-7.148191939505161,-6.558169776140557,-6.634837062089178,600.9548881373246
392,392.0,2000.0,1988.0,12.0,99.4,0.5999999999999943,784000.0,779752.0,4248.0,0.007599039003252983,0.6,0.00603672032193159,-7.372019321263469,-6.558169776140557,-6.634837062089178,600.9548881373246
393,393.0,2000.0,1983.0,17.0,99.15,0.8499999999999943,786000.0,781735.0,4265.0,0.007599039003252983,0.85,0.00857337367624811,-6.8659212590602525,-6.558169776140557,-6.634837062089178,600.9548881373246
394,394.0,2000.0,1979.0,21.0,98.95,1.0499999999999972,788000.0,783714.0,4286.0,0.007657223846763372,1.05,0.010611925214754927,-6.558169776140557,-6.558169776140557,-6.620995930200806,601.3701220939759
395,395.0,2000.0,1984.0,16.0,99.2,0.7999999999999972,790000.0,785698.0,4302.0,0.007664784323424101,0.8,0.008065020161290324,-6.954106144764466,-6.558169776140557,-6.619207707809626,601.4237687657112
396,396.0,2000.0,1984.0,16.0,99.2,0.7999999999999972,792000.0,787682.0,4318.0,0.007664784323424101,0.8,0.008065020161290324,-6.954106144764466,-6.558169776140557,-6.619207707809626,601.4237687657112
397,397.0,2000.0,1993.0,7.0,99.65,0.3499999999999943,794000.0,789675.0,4325.0,0.007664784323424101,0.35,0.0035127947817360766,-8.153164988209875,-6.558169776140557,-6.619207707809626,601.4237687657112
398,398.0,2000.0,1984.0,16.0,99.2,0.7999999999999972,796000.0,791659.0,4341.0,0.007664784323424101,0.8,0.008065020161290324,-6.954106144764466,-6.558169776140557,-6.619207707809626,601.4237687657112
399,399.0,2000.0,1988.0,12.0,99.4,0.5999999999999943,798000.0,793647.0,4353.0,0.007664784323424101,0.6,0.00603672032193159,-7.372019321263469,-6.558169776140557,-6.619207707809626,601.4237687657112
400,400.0,2000.0,1984.0,16.0,99.2,0.7999999999999972,800000.0,795631.0,4369.0,0.007664784323424101,0.8,0.008065020161290324,-6.954106144764466,-6.558169776140557,-6.619207707809626,601.4237687657112
401,401.0,2000.0,1988.0,12.0,99.4,0.5999999999999943,802000.0,797619.0,4381.0,0.007664784323424101,0.6,0.00603672032193159,-7.372019321263469,-6.558169776140557,-6.619207707809626,601.4237687657112
402,402.0,2000.0,1988.0,12.0,99.4,0.5999999999999943,804000.0,799607.0,4393.0,0.007664784323424101,0.6,0.00603672032193159,-7.372019321263469,-6.558169776140557,-6.619207707809626,601.4237687657112
403,403.0,2000.0,1991.0,9.0,99.55,0.45000000000000284,806000.0,801598.0,4402.0,0.007664784323424101,0.45,0.0045208437970868905,-7.789192213734068,-6.558169776140557,-6.619207707809626,601.4237687657112
404,404.0,2000.0,1992.0,8.0,99.6,0.4000000000000057,808000.0,803590.0,4410.0,0.007664784323424101,0.4,0.00401656626506024,-7.959821606458086,-6.558169776140557,-6.619207707809626,601.4237687657112
405,405.0,2000.0,1989.0,11.0,99.45,0.5499999999999972,810000.0,805579.0,4421.0,0.007664784323424101,0.55,0.0055309200603318245,-7.498264794063009,-6.558169776140557,-6.619207707809626,601.4237687657112
406,406.0,2000.0,1990.0,10.0,99.5,0.5,812000.0,807569.0,4431.0,0.007664784323424101,0.5,0.005025628140703517,-7.6364803582525544,-6.558169776140557,-6.619207707809626,601.4237687657112
407,407.0,2000.0,1985.0,15.0,99.25,0.75,814000.0,809554.0,4446.0,0.007664784323424101,0.75,0.007557178841309823,-7.047936519958256,-6.558169776140557,-6.619207707809626,601.4237687657112
408,408.0,2000.0,1990.0,10.0,99.5,0.5,816000.0,811544.0,4456.0,0.007664784323424101,0.5,0.005025628140703517,-7.6364803582525544,-6.558169776140557,-6.619207707809626,601.4237687657112
409,409.0,2000.0,1990.0,10.0,99.5,0.5,818000.0,813534.0,4466.0,0.007664784323424101,0.5,0.005025628140703517,-7.6364803582525544,-6.558169776140557,-6.619207707809626,601.4237687657112
410,410.0,2000.0,1991.0,9.0,99.55,0.45000000000000284,820000.0,815525.0,4475.0,0.007664784323424101,0.45,0.0045208437970868905,-7.789192213734068,-6.558169776140557,-6.619207707809626,601.4237687657112
411,411.0,2000.0,1986.0,14.0,99.3,0.7000000000000028,822000.0,817511.0,4489.0,0.007664784323424101,0.7,0.007049848942598187,-7.148191939505161,-6.558169776140557,-6.619207707809626,601.4237687657112
412,412.0,2000.0,1987.0,13.0,99.35,0.6500000000000057,824000.0,819498.0,4502.0,0.007664784323424101,0.65,0.006543029693004529,-7.255825466835081,-6.558169776140557,-6.619207707809626,601.4237687657112
413,413.0,2000.0,1985.0,15.0,99.25,0.75,826000.0,821483.0,4517.0,0.007664784323424101,0.75,0.007557178841309823,-7.047936519958256,-6.558169776140557,-6.619207707809626,601.4237687657112
414,414.0,2000.0,1985.0,15.0,99.25,0.75,828000.0,823468.0,4532.0,0.007664784323424101,0.75,0.007557178841309823,-7.047936519958256,-6.558169776140557,-6.619207707809626,601.4237687657112
415,415.0,2000.0,1990.0,10.0,99.5,0.5,830000.0,825458.0,4542.0,0.007664784323424101,0.5,0.005025628140703517,-7.6364803582525544,-6.558169776140557,-6.619207707809626,601.4237687657112
416,416.0,2000.0,1994.0,6.0,99.7,0.29999999999999716,832000.0,827452.0,4548.0,0.007664784323424101,0.3,0.003009528585757272,-8.376246764538763,-6.558169776140557,-6.619207707809626,601.4237687657112
417,417.0,2000.0,1991.0,9.0,99.55,0.45000000000000284,834000.0,829443.0,4557.0,0.007664784323424101,0.45,0.0045208437970868905,-7.789192213734068,-6.558169776140557,-6.619207707809626,601.4237687657112
418,418.0,2000.0,1995.0,5.0,99.75,0.25,836000.0,831438.0,4562.0,0.007672944106161594,0.25,0.0025067669172932332,-8.639956426064222,-6.558169776140557,-6.6172803660057316,601.4815890198281
419,419.0,2000.0,1984.0,16.0,99.2,0.7999999999999972,838000.0,833422.0,4578.0,0.0076964725740253925,0.8,0.008065020161290324,-6.954106144764466,-6.558169776140557,-6.611738155150733,601.647855345478
420,420.0,2000.0,1983.0,17.0,99.15,0.8499999999999943,840000.0,835405.0,4595.0,0.0076964725740253925,0.85,0.00857337367624811,-6.8659212590602525,-6.558169776140557,-6.611738155150733,601.647855345478
421,421.0,2000.0,1986.0,14.0,99.3,0.7000000000000028,842000.0,837391.0,4609.0,0.0076964725740253925,0.7,0.007049848942598187,-7.148191939505161,-6.558169776140557,-6.611738155150733,601.647855345478
422,422.0,2000.0,1993.0,7.0,99.65,0.3499999999999943,844000.0,839384.0,4616.0,0.0076964725740253925,0.35,0.0035127947817360766,-8.153164988209875,-6.558169776140557,-6.611738155150733,601.647855345478
423,423.0,2000.0,1987.0,13.0,99.35,0.6500000000000057,846000.0,841371.0,4629.0,0.007703164126724005,0.65,0.006543029693004529,-7.255825466835081,-6.558169776140557,-6.610166045829696,601.6950186251091
424,424.0,2000.0,1983.0,17.0,99.15,0.8499999999999943,848000.0,843354.0,4646.0,0.007763055618852377,0.85,0.00857337367624811,-6.8659212590602525,-6.558169776140557,-6.596175360588342,602.1147391823497
425,425.0,2000.0,1991.0,9.0,99.55,0.45000000000000284,850000.0,845345.0,4655.0,0.007763055618852377,0.45,0.0045208437970868905,-7.789192213734068,-6.558169776140557,-6.596175360588342,602.1147391823497
426,426.0,2000.0,1981.0,19.0,99.05,0.9500000000000028,852000.0,847326.0,4674.0,0.007763055618852377,0.95,0.009591620393740535,-6.704009722126082,-6.558169776140557,-6.596175360588342,602.1147391823497
427,427.0,2000.0,1982.0,18.0,99.1,0.9000000000000057,854000.0,849308.0,4692.0,0.0077994829043745995,0.9,0.009082240161453078,-6.782736098245981,-6.558169776140557,-6.587735648020624,602.3679305593813
428,428.0,2000.0,1985.0,15.0,99.25,0.75,856000.0,851293.0,4707.0,0.0078079719096422195,0.75,0.007557178841309823,-7.047936519958256,-6.558169776140557,-6.585776345937662,602.4267096218701
429,429.0,2000.0,1988.0,12.0,99.4,0.5999999999999943,858000.0,853281.0,4719.0,0.0078079719096422195,0.6,0.00603672032193159,-7.372019321263469,-6.558169776140557,-6.585776345937662,602.4267096218701
430,430.0,2000.0,1989.0,11.0,99.45,0.5499999999999972,860000.0,855270.0,4730.0,0.0078079719096422195,0.55,0.0055309200603318245,-7.498264794063009,-6.558169776140557,-6.585776345937662,602.4267096218701
431,431.0,2000.0,1990.0,10.0,99.5,0.5,862000.0,857260.0,4740.0,0.0078079719096422195,0.5,0.005025628140703517,-7.6364803582525544,-6.558169776140557,-6.585776345937662,602.4267096218701
432,432.0,2000.0,1988.0,12.0,99.4,0.5999999999999943,864000.0,859248.0,4752.0,0.0078079719096422195,0.6,0.00603672032193159,-7.372019321263469,-6.558169776140557,-6.585776345937662,602.4267096218701
433,433.0,2000.0,1991.0,9.0,99.55,0.45000000000000284,866000.0,861239.0,4761.0,0.0078079719096422195,0.45,0.0045208437970868905,-7.789192213734068,-6.558169776140557,-6.585776345937662,602.4267096218701
434,434.0,2000.0,1980.0,20.0,99.0,1.0,868000.0,863219.0,4781.0,0.0078079719096422195,1.0,0.010101515151515151,-6.629284487130874,-6.558169776140557,-6.585776345937662,602.4267096218701
435,435.0,2000.0,1987.0,13.0,99.35,0.6500000000000057,870000.0,865206.0,4794.0,0.0078079719096422195,0.65,0.006543029693004529,-7.255825466835081,-6.558169776140557,-6.585776345937662,602.4267096218701
436,436.0,2000.0,1989.0,11.0,99.45,0.5499999999999972,872000.0,867195.0,4805.0,0.0078079719096422195,0.55,0.0055309200603318245,-7.498264794063009,-6.558169776140557,-6.585776345937662,602.4267096218701
437,437.0,2000.0,1987.0,13.0,99.35,0.6500000000000057,874000.0,869182.0,4818.0,0.0078079719096422195,0.65,0.006543029693004529,-7.255825466835081,-6.558169776140557,-6.585776345937662,602.4267096218701
438,438.0,2000.0,1992.0,8.0,99.6,0.4000000000000057,876000.0,871174.0,4826.0,0.0078079719096422195,0.4,0.00401656626506024,-7.959821606458086,-6.558169776140557,-6.585776345937662,602.4267096218701
439,439.0,2000.0,1985.0,15.0,99.25,0.75,878000.0,873159.0,4841.0,0.0078079719096422195,0.75,0.007557178841309823,-7.047936519958256,-6.558169776140557,-6.585776345937662,602.4267096218701
440,440.0,2000.0,1989.0,11.0,99.45,0.5499999999999972,880000.0,875148.0,4852.0,0.0078079719096422195,0.55,0.0055309200603318245,-7.498264794063009,-6.558169776140557,-6.585776345937662,602.4267096218701
441,441.0,2000.0,1993.0,7.0,99.65,0.3499999999999943,882000.0,877141.0,4859.0,0.0078079719096422195,0.35,0.0035127947817360766,-8.153164988209875,-6.558169776140557,-6.585776345937662,602.4267096218701
442,442.0,2000.0,1989.0,11.0,99.45,0.5499999999999972,884000.0,879130.0,4870.0,0.0078079719096422195,0.55,0.0055309200603318245,-7.498264794063009,-6.558169776140557,-6.585776345937662,602.4267096218701
443,443.0,2000.0,1983.0,17.0,99.15,0.8499999999999943,886000.0,881113.0,4887.0,0.0078079719096422195,0.85,0.00857337367624811,-6.8659212590602525,-6.558169776140557,-6.585776345937662,602.4267096218701
444,444.0,2000.0,1986.0,14.0,99.3,0.7000000000000028,888000.0,883099.0,4901.0,0.0078079719096422195,0.7,0.007049848942598187,-7.148191939505161,-6.558169776140557,-6.585776345937662,602.4267096218701
445,445.0,2000.0,1989.0,11.0,99.45,0.5499999999999972,890000.0,885088.0,4912.0,0.0078079719096422195,0.55,0.0055309200603318245,-7.498264794063009,-6.558169776140557,-6.585776345937662,602.4267096218701
446,446.0,2000.0,1991.0,9.0,99.55,0.45000000000000284,892000.0,887079.0,4921.0,0.0078079719096422195,0.45,0.0045208437970868905,-7.789192213734068,-6.558169776140557,-6.585776345937662,602.4267096218701
447,447.0,2000.0,1985.0,15.0,99.25,0.75,894000.0,889064.0,4936.0,0.0078079719096422195,0.75,0.007557178841309823,-7.047936519958256,-6.558169776140557,-6.585776345937662,602.4267096218701
448,448.0,2000.0,1994.0,6.0,99.7,0.29999999999999716,896000.0,891058.0,4942.0,0.0078079719096422195,0.3,0.003009528585757272,-8.376246764538763,-6.558169776140557,-6.585776345937662,602.4267096218701
449,449.0,2000.0,1988.0,12.0,99.4,0.5999999999999943,898000.0,893046.0,4954.0,0.0078079719096422195,0.6,0.00603672032193159,-7.372019321263469,-6.558169776140557,-6.585776345937662,602.4267096218701
450,450.0,2000.0,1988.0,12.0,99.4,0.5999999999999943,900000.0,895034.0,4966.0,0.0078079719096422195,0.6,0.00603672032193159,-7.372019321263469,-6.558169776140557,-6.585776345937662,602.4267096218701
451,451.0,2000.0,1989.0,11.0,99.45,0.5499999999999972,902000.0,897023.0,4977.0,0.0078079719096422195,0.55,0.0055309200603318245,-7.498264794063009,-6.558169776140557,-6.585776345937662,602.4267096218701
452,452.0,2000.0,1989.0,11.0,99.45,0.5499999999999972,904000.0,899012.0,4988.0,0.00783697608858347,0.55,0.0055309200603318245,-7.498264794063009,-6.558169776140557,-6.579103218289622,602.6269034513114
453,453.0,2000.0,1987.0,13.0,99.35,0.6500000000000057,906000.0,900999.0,5001.0,0.00785776786506176,0.65,0.006543029693004529,-7.255825466835081,-6.558169776140557,-6.574339581747851,602.7698125475645
454,454.0,2000.0,1981.0,19.0,99.05,0.9500000000000028,908000.0,902980.0,5020.0,0.00787551049143076,0.95,0.009591620393740535,-6.704009722126082,-6.558169776140557,-6.570287664020611,602.8913700793817
455,455.0,2000.0,1985.0,15.0,99.25,0.75,910000.0,904965.0,5035.0,0.00787551049143076,0.75,0.007557178841309823,-7.047936519958256,-6.558169776140557,-6.570287664020611,602.8913700793817
456,456.0,2000.0,1981.0,19.0,99.05,0.9500000000000028,912000.0,906946.0,5054.0,0.00787551049143076,0.95,0.009591620393740535,-6.704009722126082,-6.558169776140557,-6.570287664020611,602.8913700793817
457,457.0,2000.0,1987.0,13.0,99.35,0.6500000000000057,914000.0,908933.0,5067.0,0.00787551049143076,0.65,0.006543029693004529,-7.255825466835081,-6.558169776140557,-6.570287664020611,602.8913700793817
458,458.0,2000.0,1991.0,9.0,99.55,0.45000000000000284,916000.0,910924.0,5076.0,0.00787551049143076,0.45,0.0045208437970868905,-7.789192213734068,-6.558169776140557,-6.570287664020611,602.8913700793817
459,459.0,2000.0,1983.0,17.0,99.15,0.8499999999999943,918000.0,912907.0,5093.0,0.00787551049143076,0.85,0.00857337367624811,-6.8659212590602525,-6.558169776140557,-6.570287664020611,602.8913700793817
460,460.0,2000.0,1986.0,14.0,99.3,0.7000000000000028,920000.0,914893.0,5107.0,0.00787551049143076,0.7,0.007049848942598187,-7.148191939505161,-6.558169776140557,-6.570287664020611,602.8913700793817
461,461.0,2000.0,1983.0,17.0,99.15,0.8499999999999943,922000.0,916876.0,5124.0,0.007893857546150684,0.85,0.00857337367624811,-6.8659212590602525,-6.558169776140557,-6.566110340089294,603.0166897973212
462,462.0,2000.0,1988.0,12.0,99.4,0.5999999999999943,924000.0,918864.0,5136.0,0.008069965057075024,0.6,0.00603672032193159,-7.372019321263469,-6.558169776140557,-6.526651458995919,604.2004562301224
463,463.0,2000.0,1992.0,8.0,99.6,0.4000000000000057,926000.0,920856.0,5144.0,0.008453884162008762,0.4,0.00401656626506024,-7.959821606458086,-6.558169776140557,-6.444393196205783,606.6682041138265
464,464.0,2000.0,1987.0,13.0,99.35,0.6500000000000057,928000.0,922843.0,5157.0,0.008467220701277256,0.65,0.006543029693004529,-7.255825466835081,-6.558169776140557,-6.441622943598344,606.7513116920497
465,465.0,2000.0,1983.0,17.0,99.15,0.8499999999999943,930000.0,924826.0,5174.0,0.008530723862349987,0.85,0.00857337367624811,-6.8659212590602525,-6.558169776140557,-6.4285086917293235,607.1447392481202
466,466.0,2000.0,1985.0,15.0,99.25,0.75,932000.0,926811.0,5189.0,0.008550792932510376,0.75,0.007557178841309823,-7.047936519958256,-6.558169776140557,-6.424390218298942,607.2682934510317
467,467.0,2000.0,1989.0,11.0,99.45,0.5499999999999972,934000.0,928800.0,5200.0,0.008673693053424358,0.55,0.0055309200603318245,-7.498264794063009,-6.558169776140557,-6.399436648009484,608.0169005597155
468,468.0,2000.0,1985.0,15.0,99.25,0.75,936000.0,930785.0,5215.0,0.008801727555692196,0.75,0.007557178841309823,-7.047936519958256,-6.558169776140557,-6.373916503997476,608.7825048800757
469,469.0,2000.0,1991.0,9.0,99.55,0.45000000000000284,938000.0,932776.0,5224.0,0.008801727555692196,0.45,0.0045208437970868905,-7.789192213734068,-6.558169776140557,-6.373916503997476,608.7825048800757
470,470.0,2000.0,1985.0,15.0,99.25,0.75,940000.0,934761.0,5239.0,0.008801727555692196,0.75,0.007557178841309823,-7.047936519958256,-6.558169776140557,-6.373916503997476,608.7825048800757
471,471.0,2000.0,1988.0,12.0,99.4,0.5999999999999943,942000.0,936749.0,5251.0,0.008802465163171291,0.6,0.00603672032193159,-7.372019321263469,-6.558169776140557,-6.373770854693108,608.7868743592068
472,472.0,2000.0,1990.0,10.0,99.5,0.5,944000.0,938739.0,5261.0,0.008993461728096008,0.5,0.005025628140703517,-7.6364803582525544,-6.558169776140557,-6.336569315249081,609.9029205425276
473,473.0,2000.0,1985.0,15.0,99.25,0.75,946000.0,940724.0,5276.0,0.009284227155148983,0.75,0.007557178841309823,-7.047936519958256,-6.558169776140557,-6.281810224569419,611.5456932629174
474,474.0,2000.0,1981.0,19.0,99.05,0.9500000000000028,948000.0,942705.0,5295.0,0.009284227155148983,0.95,0.009591620393740535,-6.704009722126082,-6.558169776140557,-6.281810224569419,611.5456932629174
475,475.0,2000.0,1982.0,18.0,99.1,0.9000000000000057,950000.0,944687.0,5313.0,0.009284227155148983,0.9,0.009082240161453078,-6.782736098245981,-6.558169776140557,-6.281810224569419,611.5456932629174
476,476.0,2000.0,1987.0,13.0,99.35,0.6500000000000057,952000.0,946674.0,5326.0,0.009284227155148983,0.65,0.006543029693004529,-7.255825466835081,-6.558169776140557,-6.281810224569419,611.5456932629174
477,477.0,2000.0,1981.0,19.0,99.05,0.9500000000000028,954000.0,948655.0,5345.0,0.009284227155148983,0.95,0.009591620393740535,-6.704009722126082,-6.558169776140557,-6.281810224569419,611.5456932629174
478,478.0,2000.0,1978.0,22.0,98.9,1.0999999999999943,956000.0,950633.0,5367.0,0.009284227155148983,1.1,0.011122851365015167,-6.4903295165648425,-6.4903295165648425,-6.281810224569419,611.5456932629174
479,479.0,2000.0,1982.0,18.0,99.1,0.9000000000000057,958000.0,952615.0,5385.0,0.009334216825664043,0.9,0.009082240161453078,-6.782736098245981,-6.4903295165648425,-6.272612758196684,611.8216172540995
480,480.0,2000.0,1979.0,21.0,98.95,1.0499999999999972,960000.0,954594.0,5406.0,0.009364412166178226,1.05,0.010611925214754927,-6.558169776140557,-6.4903295165648425,-6.2670870025014995,611.987389924955
481,481.0,2000.0,1988.0,12.0,99.4,0.5999999999999943,962000.0,956582.0,5418.0,0.00937461294233799,0.6,0.00603672032193159,-7.372019321263469,-6.4903295165648425,-6.265225288949923,612.0432413315023
482,482.0,2000.0,1977.0,23.0,98.85,1.1500000000000057,964000.0,958559.0,5441.0,0.009667412377893925,1.15,0.011634294385432474,-6.425472475164418,-6.425472475164418,-6.212839092939423,613.6148272118173
483,483.0,2000.0,1977.0,23.0,98.85,1.1500000000000057,966000.0,960536.0,5464.0,0.0105017414316535,1.15,0.011634294385432474,-6.425472475164418,-6.425472475164418,-6.073694591954064,617.7891622413781
484,484.0,2000.0,1984.0,16.0,99.2,0.7999999999999972,968000.0,962520.0,5480.0,0.011661145836114883,0.8,0.008065020161290324,-6.954106144764466,-6.425472475164418,-5.901129742639928,622.9661077208021
485,485.0,2000.0,1987.0,13.0,99.35,0.6500000000000057,970000.0,964507.0,5493.0,0.012735125608742237,0.65,0.006543029693004529,-7.255825466835081,-6.425472475164418,-5.758543231321029,627.2437030603692
486,486.0,2000.0,1970.0,30.0,98.5,1.5,972000.0,966477.0,5523.0,0.013417542912065983,1.5,0.015228934010152285,-6.0370412297020035,-6.0370412297020035,-5.675045015910282,629.7486495226915
487,487.0,2000.0,1974.0,26.0,98.7,1.2999999999999972,974000.0,968451.0,5549.0,0.013853242620825768,1.3,0.013171732522796353,-6.246411069111557,-6.0370412297020035,-5.624256943704839,631.2722916888548
488,488.0,2000.0,1975.0,25.0,98.75,1.25,976000.0,970426.0,5574.0,0.01422119140625,1.25,0.01265873417721519,-6.303723041529593,-6.0370412297020035,-5.58277167916169,632.5168496251493
489,489.0,2000.0,1971.0,29.0,98.55,1.4500000000000028,978000.0,972397.0,5603.0,0.016021929681301117,1.45,0.014713850837138508,-6.086681318668762,-6.0370412297020035,-5.395917990389951,638.1224602883015
490,490.0,2000.0,1946.0,54.0,97.3,2.700000000000003,980000.0,974343.0,5657.0,0.017691612243652344,2.7,0.027749743062692702,-5.171381776290184,-5.171381776290184,-5.242558771907541,642.7232368427738
491,491.0,2000.0,1969.0,31.0,98.45,1.5499999999999972,982000.0,976312.0,5688.0,0.017744744196534157,1.55,0.015744540375825292,-5.989004547715578,-5.171381776290184,-5.2379447560232375,642.8616573193028
492,492.0,2000.0,1961.0,39.0,98.05,1.9500000000000028,984000.0,978273.0,5727.0,0.022184940055012703,1.95,0.019888322284548697,-5.651934609623615,-5.171381776290184,-4.897760499860104,653.0671850041969
493,493.0,2000.0,1914.0,86.0,95.7,4.299999999999997,986000.0,980187.0,5813.0,0.028587276116013527,4.3,0.04493260188087775,-4.476093584357727,-4.476093584357727,-4.517614328155651,664.4715701553305
494,494.0,2000.0,1867.0,133.0,93.35,6.650000000000006,988000.0,982054.0,5946.0,0.04765527695417404,6.65,0.07123781467595072,-3.811212929434657,-3.811212929434657,-3.7591045063641886,687.2268648090743
495,495.0,2000.0,1575.0,425.0,78.75,21.25,990000.0,983629.0,6371.0,0.1672666370868683,21.25,0.2698419047619047,-1.889813687677004,-1.889813687677004,-1.799944907874674,746.0016527637598
496,496.0,2000.0,877.0,1123.0,43.85,56.15,992000.0,984506.0,7494.0,0.41835102438926697,56.15,1.2805028506271379,0.3567104646347625,0.3567104646347625,0.12095195681267569,803.6285587043802
497,497.0,2000.0,631.0,1369.0,31.55,68.45,994000.0,985137.0,8863.0,0.566883385181427,68.45,2.1695736925515057,1.1174115901062593,1.1174115901062593,1.1950621790555611,835.8518653716668
498,498.0,2000.0,357.0,1643.0,17.85,82.15,996000.0,985494.0,10506.0,0.6811683177947998,82.15,4.6022436974789915,2.202337379006551,2.202337379006551,2.3534917935475894,870.6047538064277
499,499.0,2000.0,77.0,1923.0,3.85,96.15,998000.0,985571.0,12429.0,0.7748121619224548,96.15,24.97403896103896,4.642357256876231,4.642357256876231,4.657955579736653,939.7386673920996
500,500.0,2000.0,36.0,1964.0,1.8,98.2,1000000.0,985607.0,14393.0,0.7892451882362366,98.2,54.55558333333333,5.76965494744197,5.76965494744197,5.911107480947813,977.3332244284344
