,bin,#recs,#g,#b,%g,%b,tot,cg,cb,%cg,FDR,KS,FPR,TP,TN,FN,FP,Accuracy,Misclass,FPRate,FPRatio,TPR,TNR,Precision,f1
0,0.0,0.0,0.0,0.0,0.0,0.0,0.0,0.0,0.0,0.0,0.0,0.0,0.0,0.0,164107.0,2386.0,0.0,0.9856690671679891,0.014330932832010956,0.0,,0.0,1.0,,
1,1.0,1665.0,391.0,1274.0,23.483483483483482,76.51651651651652,1665.0,391.0,1274.0,0.23825918455641745,53.39480301760268,53.156543833046264,0.3069073783359498,1274.0,163716.0,1112.0,391.0,0.990972593442367,0.009027406557633054,0.0023825918455641745,0.3069073783359498,0.5339480301760269,0.9976174081544358,0.7651651651651652,0.6289804986423106
2,2.0,1665.0,1561.0,104.0,93.75375375375376,6.246246246246244,3330.0,1952.0,1378.0,1.1894678471972555,57.75356244761107,56.56409460041381,1.416545718432511,1378.0,162155.0,1008.0,1952.0,0.9822214747767173,0.01777852522328266,0.011894678471972555,1.416545718432511,0.5775356244761106,0.9881053215280274,0.4138138138138138,0.4821553533939818
3,3.0,1665.0,1636.0,29.0,98.25825825825825,1.7417417417417482,4995.0,3588.0,1407.0,2.1863783994588895,58.968985750209555,56.782607350750666,2.550106609808102,1407.0,160519.0,979.0,3588.0,0.9725694173328608,0.02743058266713916,0.021863783994588895,2.550106609808102,0.5896898575020956,0.9781362160054111,0.2816816816816817,0.3812491532312694
4,4.0,1665.0,1653.0,12.0,99.27927927927928,0.7207207207207205,6660.0,5241.0,1419.0,3.1936480467012376,59.47191953059514,56.2782714838939,3.693446088794926,1419.0,158866.0,967.0,5241.0,0.9627131470992775,0.037286852900722554,0.031936480467012376,3.693446088794926,0.5947191953059514,0.9680635195329876,0.21306306306306305,0.3137298253371656
5,5.0,1665.0,1656.0,9.0,99.45945945945945,0.5405405405405475,8325.0,6897.0,1428.0,4.202745769528417,59.849119865884326,55.646374096355906,4.829831932773109,1428.0,157210.0,958.0,6897.0,0.9528208393145657,0.04717916068543422,0.042027457695284175,4.829831932773109,0.5984911986588433,0.9579725423047158,0.17153153153153153,0.2666417701428438
6,6.0,1665.0,1650.0,15.0,99.09909909909909,0.9009009009009077,9990.0,8547.0,1443.0,5.208187341185933,60.4777870913663,55.26959975018037,5.923076923076923,1443.0,155560.0,943.0,8547.0,0.9430006066321106,0.05699939336788934,0.05208187341185934,5.923076923076923,0.6047778709136631,0.9479181265881407,0.14444444444444443,0.23319327731092437
7,7.0,1665.0,1657.0,8.0,99.51951951951952,0.4804804804804803,11655.0,10204.0,1451.0,6.217894422541391,60.813076278290026,54.595181855748635,7.032391454169538,1451.0,153903.0,935.0,10204.0,0.9330962863303562,0.06690371366964377,0.06217894422541391,7.032391454169538,0.6081307627829002,0.9378210557745861,0.12449592449592449,0.20668043586639126
8,8.0,1664.0,1651.0,13.0,99.21875,0.78125,13319.0,11855.0,1464.0,7.223945352727184,61.35792120704107,54.13397585431389,8.097677595628415,1464.0,152252.0,922.0,11855.0,0.9232580348723369,0.07674196512766303,0.07223945352727185,8.097677595628415,0.6135792120704108,0.9277605464727282,0.109918162024176,0.18643744030563517
9,9.0,1665.0,1658.0,7.0,99.57957957957957,0.4204204204204274,14984.0,13513.0,1471.0,8.23426179261092,61.65129924559933,53.41703745298841,9.1862678450034,1471.0,150594.0,915.0,13513.0,0.9133417020535398,0.08665829794646021,0.08234261792610918,9.1862678450034,0.6165129924559933,0.9176573820738908,0.09817138280832888,0.16937248128957974
10,10.0,1665.0,1652.0,13.0,99.21921921921921,0.7807807807807876,16649.0,15165.0,1484.0,9.240922081324989,62.19614417435038,52.95522209302539,10.21900269541779,1484.0,148942.0,902.0,15165.0,0.9034974443369992,0.09650255566300085,0.0924092208132499,10.21900269541779,0.6219614417435038,0.9075907791867501,0.08913448255150459,0.15592329918571055
11,11.0,1665.0,1652.0,13.0,99.21921921921921,0.7807807807807876,18314.0,16817.0,1497.0,10.24758237003906,62.74098910310143,52.493406733062365,11.23380093520374,1497.0,147290.0,889.0,16817.0,0.8936531866204586,0.10634681337954148,0.1024758237003906,11.23380093520374,0.6274098910310143,0.8975241762996095,0.08174074478541007,0.1446376811594203
12,12.0,1665.0,1654.0,11.0,99.33933933933933,0.6606606606606675,19979.0,18471.0,1508.0,11.255461375809686,63.202011735121545,51.94655035931186,12.24867374005305,1508.0,145636.0,878.0,18471.0,0.8837849038698323,0.11621509613016763,0.11255461375809685,12.24867374005305,0.6320201173512154,0.8874453862419032,0.07547925321587667,0.13485356583948133
13,13.0,1665.0,1656.0,9.0,99.45945945945945,0.5405405405405475,21644.0,20127.0,1517.0,12.264559098636864,63.579212070410726,51.31465297177386,13.267633487145682,1517.0,143980.0,869.0,20127.0,0.8738925960851207,0.12610740391487932,0.12264559098636865,13.267633487145682,0.6357921207041073,0.8773544090136314,0.07008870818702642,0.1262588431127757
14,14.0,1665.0,1661.0,4.0,99.75975975975976,0.24024024024024015,23309.0,21788.0,1521.0,13.27670361410543,63.74685666387259,50.47015304976716,14.324786324786325,1521.0,142319.0,865.0,21788.0,0.8639402257151952,0.13605977428480476,0.1327670361410543,14.324786324786325,0.6374685666387259,0.8672329638589457,0.0652537646402677,0.11838879159369528
15,15.0,1665.0,1652.0,13.0,99.21921921921921,0.7807807807807876,24974.0,23440.0,1534.0,14.283363902819502,64.29170159262364,50.00833768980414,15.28031290743155,1534.0,140667.0,852.0,23440.0,0.8540959679986546,0.1459040320013454,0.14283363902819501,15.28031290743155,0.6429170159262364,0.857166360971805,0.06142388083606951,0.1121345029239766
16,16.0,1665.0,1643.0,22.0,98.67867867867868,1.3213213213213209,26639.0,25083.0,1556.0,15.284539964779077,65.21374685666387,49.929206891884796,16.120179948586117,1556.0,139024.0,830.0,25083.0,0.8443598229354988,0.1556401770645012,0.15284539964779076,16.120179948586117,0.6521374685666387,0.8471546003522092,0.05841060099853598,0.10721791559000861
17,17.0,1665.0,1657.0,8.0,99.51951951951952,0.4804804804804803,28304.0,26740.0,1564.0,16.294247046134533,65.54903604358759,49.25478899745306,17.097186700767264,1564.0,137367.0,822.0,26740.0,0.8344555026337444,0.16554449736625565,0.16294247046134533,17.097186700767264,0.6554903604358759,0.8370575295386546,0.05525720746184285,0.10192245030954708
18,18.0,1665.0,1653.0,12.0,99.27927927927928,0.7207207207207205,29969.0,28393.0,1576.0,17.301516693376882,66.05196982397318,48.7504531305963,18.015862944162436,1576.0,135714.0,810.0,28393.0,0.824599232400161,0.17540076759983902,0.1730151669337688,18.015862944162436,0.6605196982397318,0.8269848330662312,0.05258767392972739,0.09741925513830937
19,19.0,1665.0,1653.0,12.0,99.27927927927928,0.7207207207207205,31634.0,30046.0,1588.0,18.30878634061923,66.55490360435876,48.24611726373953,18.920654911838792,1588.0,134061.0,798.0,30046.0,0.8147429621665776,0.18525703783342243,0.1830878634061923,18.920654911838792,0.6655490360435876,0.8169121365938077,0.05019915281026743,0.09335684891240446
20,20.0,1665.0,1658.0,7.0,99.57957957957957,0.4204204204204274,33299.0,31704.0,1595.0,19.319102780502966,66.84828164291702,47.52917886241405,19.877115987460815,1595.0,132403.0,791.0,31704.0,0.8048266293477804,0.19517337065221962,0.19319102780502964,19.877115987460815,0.6684828164291702,0.8068089721949704,0.047899336316405895,0.0893933025080566
21,21.0,1665.0,1652.0,13.0,99.21921921921921,0.7807807807807876,34964.0,33356.0,1608.0,20.325763069217036,67.39312657166806,47.06736350245103,20.743781094527364,1608.0,130751.0,778.0,33356.0,0.7949823716312397,0.20501762836876025,0.20325763069217034,20.743781094527364,0.6739312657166806,0.7967423693078296,0.04599016130877474,0.08610441767068272
22,22.0,1664.0,1654.0,10.0,99.39903846153847,0.600961538461533,36628.0,35010.0,1618.0,21.33364207498766,67.81223805532271,46.478595980335044,21.637824474660075,1618.0,129097.0,768.0,35010.0,0.7851080826220922,0.21489191737790778,0.2133364207498766,21.637824474660075,0.6781223805532272,0.7866635792501234,0.044173856066397295,0.08294458399548879
23,23.0,1665.0,1658.0,7.0,99.57957957957957,0.4204204204204274,38293.0,36668.0,1625.0,22.343958514871396,68.10561609388097,45.76165757900957,22.564923076923076,1625.0,127439.0,761.0,36668.0,0.7751917498032951,0.22480825019670497,0.22343958514871395,22.564923076923076,0.6810561609388097,0.776560414851286,0.04243595435197033,0.0798938026991814
24,24.0,1665.0,1656.0,9.0,99.45945945945945,0.5405405405405475,39958.0,38324.0,1634.0,23.353056237698574,68.48281642917016,45.12976019147158,23.45410036719706,1634.0,125783.0,752.0,38324.0,0.7652994420185834,0.23470055798141665,0.23353056237698575,23.45410036719706,0.6848281642917016,0.7664694376230142,0.04089293758446369,0.07717740411864728
25,25.0,1665.0,1658.0,7.0,99.57957957957957,0.4204204204204274,41623.0,39982.0,1641.0,24.36337267758231,68.77619446772842,44.41282179014611,24.364411943936624,1641.0,124125.0,745.0,39982.0,0.7553831091997861,0.24461689080021382,0.2436337267758231,24.364411943936624,0.6877619446772841,0.7563662732241769,0.03942531773298417,0.07457565497966324
26,26.0,1665.0,1655.0,10.0,99.3993993993994,0.6006006006006004,43288.0,41637.0,1651.0,25.37186104188121,69.19530595138306,43.82344490950185,25.219261053906724,1651.0,122470.0,735.0,41637.0,0.7455028139321173,0.25449718606788274,0.2537186104188121,25.219261053906724,0.6919530595138307,0.7462813895811878,0.0381399002032896,0.07229495993344134
27,27.0,1665.0,1653.0,12.0,99.27927927927928,0.7207207207207205,44953.0,43290.0,1663.0,26.37913068912356,69.69823973176865,43.319109042645096,26.03126879134095,1663.0,120817.0,723.0,43290.0,0.7356465436985339,0.2643534563014661,0.2637913068912356,26.03126879134095,0.6969823973176865,0.7362086931087644,0.0369941939358886,0.07025919432180655
28,28.0,1665.0,1658.0,7.0,99.57957957957957,0.4204204204204274,46618.0,44948.0,1670.0,27.389447129007294,69.99161777032691,42.60217064131962,26.91497005988024,1670.0,119159.0,716.0,44948.0,0.7257302108797367,0.27426978912026334,0.27389447129007294,26.91497005988024,0.6999161777032691,0.7261055287099271,0.035823072632888586,0.06815770141212962
29,29.0,1665.0,1655.0,10.0,99.3993993993994,0.6006006006006004,48283.0,46603.0,1680.0,28.397935493306196,70.41072925398156,42.012793760675365,27.739880952380954,1680.0,117504.0,706.0,46603.0,0.7158499156120678,0.2841500843879322,0.283979354933062,27.739880952380954,0.7041072925398156,0.7160206450669381,0.03479485533210447,0.06631273559770273
30,30.0,1665.0,1652.0,13.0,99.21921921921921,0.7807807807807876,49948.0,48255.0,1693.0,29.404595782020266,70.9555741827326,41.55097840071234,28.502658003544006,1693.0,115852.0,693.0,48255.0,0.7060056578955272,0.29399434210447284,0.29404595782020265,28.502658003544006,0.7095557418273261,0.7059540421797973,0.03389525106110355,0.06469981274123897
31,31.0,1665.0,1659.0,6.0,99.63963963963964,0.36036036036036023,51613.0,49914.0,1699.0,30.41552158043228,71.20704107292539,40.79151949249311,29.378457916421425,1699.0,114193.0,687.0,49914.0,0.6960773125596872,0.3039226874403128,0.3041552158043228,29.378457916421425,0.712070410729254,0.6958447841956772,0.03291806327863135,0.06292709124243041
32,32.0,1665.0,1655.0,10.0,99.3993993993994,0.6006006006006004,53278.0,51569.0,1709.0,31.424009944731182,71.62615255658005,40.20214261184887,30.174956114686953,1709.0,112538.0,677.0,51569.0,0.6861970172920183,0.31380298270798174,0.3142400994473118,30.174956114686953,0.7162615255658005,0.6857599005526882,0.03207702991854049,0.061404139120436914
33,33.0,1665.0,1657.0,8.0,99.51951951951952,0.4804804804804803,54943.0,53226.0,1717.0,32.43371702608664,71.96144174350377,39.52772471741713,30.999417588817707,1717.0,110881.0,669.0,53226.0,0.6762926969902638,0.32370730300973616,0.3243371702608664,30.999417588817707,0.7196144174350377,0.6756628297391336,0.031250568771272046,0.0598998761534302
34,34.0,1665.0,1652.0,13.0,99.21921921921921,0.7807807807807876,56608.0,54878.0,1730.0,33.440377314800706,72.50628667225482,39.06590935745411,31.721387283236993,1730.0,109229.0,656.0,54878.0,0.6664484392737232,0.3335515607262768,0.33440377314800707,31.721387283236993,0.7250628667225482,0.6655962268519929,0.03056105144149237,0.058650032206665086
35,35.0,1665.0,1658.0,7.0,99.57957957957957,0.4204204204204274,58273.0,56536.0,1737.0,34.450693754684444,72.79966471081308,38.34897095612863,32.548071387449625,1737.0,107571.0,649.0,56536.0,0.656532106454926,0.34346789354507395,0.3445069375468444,32.548071387449625,0.7279966471081307,0.6554930624531555,0.029807972817599917,0.05727097380438187
36,36.0,1664.0,1655.0,9.0,99.45913461538461,0.5408653846153868,59937.0,58191.0,1746.0,35.45918211898335,73.17686504610226,37.717682927118915,33.328178694158076,1746.0,105916.0,640.0,58191.0,0.6466458049287357,0.35335419507126425,0.35459182118983346,33.328178694158076,0.7317686504610227,0.6454081788101665,0.029130587116472297,0.05603067888259551
37,37.0,1665.0,1658.0,7.0,99.57957957957957,0.4204204204204274,61602.0,59849.0,1753.0,36.46949855886708,73.47024308466052,37.00074452579344,34.14090131203651,1753.0,104258.0,633.0,59849.0,0.6367294721099386,0.3632705278900614,0.3646949855886708,34.14090131203651,0.7347024308466052,0.6353050144113291,0.028456868283497288,0.054791523410639496
38,38.0,1665.0,1657.0,8.0,99.51951951951952,0.4804804804804803,63267.0,61506.0,1761.0,37.47920564022254,73.80553227158424,36.3263266313617,34.92674616695059,1761.0,102601.0,625.0,61506.0,0.6268251518081841,0.37317484819181584,0.3747920564022254,34.92674616695059,0.7380553227158424,0.6252079435977747,0.02783441604628005,0.05364568260399372
39,39.0,1665.0,1650.0,15.0,99.09909909909909,0.9009009009009077,64932.0,63156.0,1776.0,38.48464721188005,74.43419949706622,35.949552285186165,35.560810810810814,1776.0,100951.0,610.0,63156.0,0.617004919125729,0.382995080874271,0.3848464721188005,35.560810810810814,0.7443419949706622,0.6151535278811995,0.02735169099981519,0.05276449092367569
40,40.0,1665.0,1651.0,14.0,99.15915915915916,0.8408408408408405,66597.0,64807.0,1790.0,39.490698142065845,75.02095557418274,35.53025743211689,36.205027932960895,1790.0,99300.0,596.0,64807.0,0.6071726739262311,0.39282732607376886,0.3949069814206585,36.205027932960895,0.7502095557418273,0.6050930185793415,0.026878087601543612,0.05189684415000797
41,41.0,1665.0,1655.0,10.0,99.3993993993994,0.6006006006006004,68262.0,66462.0,1800.0,40.49918650636475,75.44006705783738,34.94088055147263,36.92333333333333,1800.0,97645.0,586.0,66462.0,0.5972923786585622,0.4027076213414378,0.4049918650636475,36.92333333333333,0.7544006705783739,0.5950081349363525,0.02636899006768041,0.05095685652813951
42,42.0,1665.0,1655.0,10.0,99.3993993993994,0.6006006006006004,69927.0,68117.0,1810.0,41.50767487066365,75.85917854149204,34.35150367082839,37.633701657458566,1810.0,95990.0,576.0,68117.0,0.5874120833908933,0.4125879166091067,0.4150767487066365,37.633701657458566,0.7585917854149203,0.5849232512933634,0.025884136313584168,0.05006015515882345
43,43.0,1665.0,1652.0,13.0,99.21921921921921,0.7807807807807876,71592.0,69769.0,1823.0,42.51433515937772,76.40402347024309,33.88968831086537,38.27153044432254,1823.0,94338.0,563.0,69769.0,0.5775678256743527,0.42243217432564734,0.42514335159377725,38.27153044432254,0.7640402347024309,0.5748566484062227,0.025463738965247514,0.04928492254454026
44,44.0,1665.0,1653.0,12.0,99.27927927927928,0.7207207207207205,73257.0,71422.0,1835.0,43.52160480662007,76.90695725062866,33.385352444008596,38.92207084468665,1835.0,92685.0,551.0,71422.0,0.5677115554407692,0.4322884445592307,0.43521604806620073,38.92207084468665,0.7690695725062867,0.5647839519337993,0.025048800797193443,0.048517377682006264
45,45.0,1665.0,1654.0,11.0,99.33933933933933,0.6606606606606675,74922.0,73076.0,1846.0,44.529483812390694,77.36797988264878,32.83849607025809,39.58613217768147,1846.0,91031.0,540.0,73076.0,0.5578432726901431,0.4421567273098569,0.44529483812390697,39.58613217768147,0.7736797988264879,0.5547051618760931,0.02463895784949681,0.047757023852641384
46,46.0,1665.0,1652.0,13.0,99.21921921921921,0.7807807807807876,76587.0,74728.0,1859.0,45.53614410110477,77.91282481139983,32.37668071029506,40.197955890263586,1859.0,89379.0,527.0,74728.0,0.5479990149736025,0.4520009850263975,0.4553614410110477,40.197955890263586,0.7791282481139983,0.5446385589889523,0.024273048950866336,0.047079381560786594
47,47.0,1665.0,1655.0,10.0,99.3993993993994,0.6006006006006004,78252.0,76383.0,1869.0,46.54463246540367,78.33193629505449,31.787303829650817,40.86837881219904,1869.0,87724.0,517.0,76383.0,0.5381187197059336,0.46188128029406644,0.4654463246540367,40.86837881219904,0.7833193629505448,0.5345536753459633,0.023884373562337066,0.046355316352092064
48,48.0,1665.0,1654.0,11.0,99.33933933933933,0.6606606606606675,79917.0,78037.0,1880.0,47.55251147117429,78.79295892707461,31.240447455900316,41.50904255319149,1880.0,86070.0,506.0,78037.0,0.5282504369553074,0.47174956304469257,0.47552511471174297,41.50904255319149,0.787929589270746,0.524474885288257,0.02352440657181826,0.04568484745392026
49,49.0,1665.0,1651.0,14.0,99.15915915915916,0.8408408408408405,81582.0,79688.0,1894.0,48.558562401360085,79.37971500419111,30.821152602831027,42.07391763463569,1894.0,84419.0,492.0,79688.0,0.5184181917558095,0.48158180824419045,0.4855856240136009,42.07391763463569,0.7937971500419112,0.5144143759863992,0.02321590546934373,0.045112423780487805
50,50.0,1664.0,1648.0,16.0,99.03846153846153,0.961538461538467,83246.0,81336.0,1910.0,49.56278525596105,80.05029337803856,30.487508122077507,42.58429319371728,1910.0,82771.0,476.0,81336.0,0.5086159778489185,0.4913840221510814,0.4956278525596105,42.58429319371728,0.8005029337803856,0.5043721474403895,0.022944045359536796,0.044609491778774296
51,51.0,1665.0,1653.0,12.0,99.27927927927928,0.7207207207207205,84911.0,82989.0,1922.0,50.5700549032034,80.55322715842414,29.983172255220737,43.17845993756504,1922.0,81118.0,464.0,82989.0,0.49875970761533517,0.5012402923846648,0.505700549032034,43.17845993756504,0.8055322715842415,0.494299450967966,0.02263546536962231,0.044033586492090215
52,52.0,1665.0,1656.0,9.0,99.45945945945945,0.5405405405405475,86576.0,84645.0,1931.0,51.57915262603058,80.93042749371332,29.351274867682747,43.83480062143967,1931.0,79462.0,455.0,84645.0,0.4888673998306235,0.5111326001693764,0.5157915262603058,43.83480062143967,0.8093042749371333,0.4842084737396942,0.02230410275364997,0.04341179379959983
53,53.0,1665.0,1658.0,7.0,99.57957957957957,0.4204204204204274,88241.0,86303.0,1938.0,52.589469065914315,81.22380553227158,28.63433646635727,44.53199174406605,1938.0,77804.0,448.0,86303.0,0.4789510670118263,0.5210489329881737,0.5258946906591431,44.53199174406605,0.8122380553227159,0.4741053093408569,0.021962579753175962,0.04276871131119865
54,54.0,1665.0,1660.0,5.0,99.69969969969969,0.3003003003003073,89906.0,87963.0,1943.0,53.6010042228546,81.43336127409891,27.832357051244315,45.2717447246526,1943.0,76144.0,443.0,87963.0,0.4690107091589436,0.5309892908410564,0.536010042228546,45.2717447246526,0.8143336127409891,0.46398995777145396,0.021611460859119525,0.042105491266848705
55,55.0,1665.0,1652.0,13.0,99.21921921921921,0.7807807807807876,91571.0,89615.0,1956.0,54.60766451156867,81.97820620284996,27.37054169128129,45.81543967280164,1956.0,74492.0,430.0,89615.0,0.459166451442403,0.540833548557597,0.5460766451156868,45.81543967280164,0.8197820620284996,0.4539233548843133,0.021360474385995566,0.041636067562821295
56,56.0,1665.0,1661.0,4.0,99.75975975975976,0.24024024024024015,93236.0,91276.0,1960.0,55.619809027037235,82.14585079631182,26.526041769274585,46.56938775510204,1960.0,72831.0,426.0,91276.0,0.4492140810724775,0.5507859189275225,0.5561980902703724,46.56938775510204,0.8214585079631181,0.44380190972962763,0.02102192286241366,0.04099475016209658
57,57.0,1665.0,1655.0,10.0,99.3993993993994,0.6006006006006004,94901.0,92931.0,1970.0,56.62829739133614,82.56496227996647,25.936664888630325,47.173096446700505,1970.0,71176.0,416.0,92931.0,0.4393337858048086,0.5606662141951914,0.5662829739133614,47.173096446700505,0.8256496227996647,0.4337170260866386,0.020758474620920748,0.04049873056009538
58,58.0,1665.0,1655.0,10.0,99.3993993993994,0.6006006006006004,96566.0,94586.0,1980.0,57.636785755635046,82.98407376362113,25.34728800798608,47.77070707070707,1980.0,69521.0,406.0,94586.0,0.4294534905371397,0.5705465094628603,0.5763678575563504,47.77070707070707,0.8298407376362112,0.42363214244364955,0.020504111177847277,0.040019403347077376
59,59.0,1665.0,1656.0,9.0,99.45945945945945,0.5405405405405475,98231.0,96242.0,1989.0,58.645883478462224,83.36127409891031,24.71539062044809,48.38712921065862,1989.0,67865.0,397.0,96242.0,0.41956118275242804,0.580438817247572,0.5864588347846222,48.38712921065862,0.8336127409891031,0.41354116521537776,0.020248190489763923,0.039536062494409496
60,60.0,1665.0,1660.0,5.0,99.69969969969969,0.3003003003003073,99896.0,97902.0,1994.0,59.657418635402514,83.57082984073763,23.913411205335116,49.09829488465396,1994.0,66205.0,392.0,97902.0,0.4096208248995453,0.5903791751004547,0.5965741863540251,49.09829488465396,0.8357082984073764,0.4034258136459749,0.01996075918955714,0.03899024266244305
61,61.0,1665.0,1661.0,4.0,99.75975975975976,0.24024024024024015,101561.0,99563.0,1998.0,60.66956315087108,83.7384744341995,23.068911283328426,49.831331331331334,1998.0,64544.0,388.0,99563.0,0.39966845452961985,0.6003315454703801,0.6066956315087108,49.831331331331334,0.837384744341995,0.39330436849128925,0.01967290593830309,0.03844266789806344
62,62.0,1665.0,1655.0,10.0,99.3993993993994,0.6006006006006004,103226.0,101218.0,2008.0,61.67805151516998,84.15758591785415,22.479534402684166,50.407370517928285,2008.0,62889.0,378.0,101218.0,0.38978815926195093,0.610211840738049,0.6167805151516998,50.407370517928285,0.8415758591785415,0.3832194848483002,0.019452463526630888,0.03802598189599667
63,63.0,1665.0,1654.0,11.0,99.33933933933933,0.6606606606606675,104891.0,102872.0,2019.0,62.68593052094061,84.61860854987427,21.93267802893366,50.951956414066366,2019.0,61235.0,367.0,102872.0,0.3799198765113248,0.6200801234886752,0.626859305209406,50.951956414066366,0.8461860854987426,0.3731406947905939,0.01924855326005091,0.03764087362621997
64,64.0,1665.0,1657.0,8.0,99.51951951951952,0.4804804804804803,106556.0,104529.0,2027.0,63.69563760229606,84.95389773679798,21.258260134501924,51.568327577701034,2027.0,59578.0,359.0,104529.0,0.3700155562095704,0.6299844437904296,0.6369563760229606,51.568327577701034,0.8495389773679799,0.3630436239770394,0.01902286121851421,0.03721246167685557
65,65.0,1664.0,1651.0,13.0,99.21875,0.78125,108220.0,106180.0,2040.0,64.70168853248185,85.49874266554903,20.797054133067178,52.049019607843135,2040.0,57927.0,346.0,106180.0,0.36017730475155113,0.6398226952484489,0.6470168853248186,52.049019607843135,0.8549874266554903,0.35298311467518145,0.018850489743115876,0.036887691445310386
66,66.0,1665.0,1656.0,9.0,99.45945945945945,0.5405405405405475,109885.0,107836.0,2049.0,65.71078625530903,85.87594300083822,20.16515674552919,52.62859931673987,2049.0,56271.0,337.0,107836.0,0.35028499696683946,0.6497150030331605,0.6571078625530904,52.62859931673987,0.8587594300083823,0.34289213744690966,0.01864676707466897,0.036500966411629004
67,67.0,1665.0,1661.0,4.0,99.75975975975976,0.24024024024024015,111550.0,109497.0,2053.0,66.72293077077761,86.04358759430008,19.32065682352247,53.3351193375548,2053.0,54610.0,333.0,109497.0,0.340332626596914,0.659667373403086,0.667229307707776,53.3351193375548,0.8604358759430009,0.332770692292224,0.018404303003137605,0.036037775593315544
68,68.0,1665.0,1653.0,12.0,99.27927927927928,0.7207207207207205,113215.0,111150.0,2065.0,67.73020041801995,86.54652137468567,18.81632095666572,53.82566585956417,2065.0,52957.0,321.0,111150.0,0.3304763563633306,0.6695236436366694,0.6773020041801995,53.82566585956417,0.8654652137468567,0.3226979958198005,0.018239632557523297,0.035726334547279005
69,69.0,1665.0,1652.0,13.0,99.21921921921921,0.7807807807807876,114880.0,112802.0,2078.0,68.73686070673402,87.09136630343671,18.354505596702694,54.28392685274302,2078.0,51305.0,308.0,112802.0,0.32063209864678993,0.67936790135321,0.6873686070673403,54.28392685274302,0.8709136630343671,0.3126313929326598,0.018088440111420613,0.03544079272764484
70,70.0,1665.0,1655.0,10.0,99.3993993993994,0.6006006006006004,116545.0,114457.0,2088.0,69.74534907103292,87.51047778709136,17.76512871605844,54.816570881226056,2088.0,49650.0,298.0,114457.0,0.31075180337912106,0.689248196620879,0.6974534907103292,54.816570881226056,0.8751047778709137,0.30254650928967075,0.01791582650478356,0.03511279649544695
71,71.0,1665.0,1650.0,15.0,99.09909909909909,0.9009009009009077,118210.0,116107.0,2103.0,70.75079064269043,88.13914501257335,17.38835436988292,55.21017593913457,2103.0,48000.0,283.0,116107.0,0.30093157069666593,0.6990684293033341,0.7075079064269044,55.21017593913457,0.8813914501257335,0.2924920935730956,0.017790373064884527,0.03487677866595906
72,72.0,1665.0,1652.0,13.0,99.21921921921921,0.7807807807807876,119875.0,117759.0,2116.0,71.7574509314045,88.6839899413244,16.926539009919892,55.651701323251416,2116.0,46348.0,270.0,117759.0,0.2910873129801253,0.7089126870198748,0.7175745093140451,55.651701323251416,0.8868398994132439,0.2824254906859549,0.01765172054223149,0.03461447231741929
73,73.0,1665.0,1652.0,13.0,99.21921921921921,0.7807807807807876,121540.0,119411.0,2129.0,72.76411122011858,89.22883487007545,16.464723649956866,56.087834664161576,2129.0,44696.0,257.0,119411.0,0.2812430552635847,0.7187569447364154,0.7276411122011858,56.087834664161576,0.8922883487007544,0.2723588877988142,0.017516866875102847,0.03435921436986589
74,74.0,1665.0,1655.0,10.0,99.3993993993994,0.6006006006006004,123205.0,121066.0,2139.0,73.77259958441748,89.64794635373009,15.875346769312614,56.59934548854605,2139.0,43041.0,247.0,121066.0,0.27136275999591575,0.7286372400040843,0.7377259958441749,56.59934548854605,0.8964794635373009,0.26227400415582514,0.01736130838845826,0.03406295037064758
75,75.0,1665.0,1656.0,9.0,99.45945945945945,0.5405405405405475,124870.0,122722.0,2148.0,74.78169730724467,90.02514668901928,15.24344938177461,57.13314711359404,2148.0,41385.0,238.0,122722.0,0.2614704522112041,0.7385295477887959,0.7478169730724467,57.13314711359404,0.9002514668901928,0.25218302692755334,0.017201889965564186,0.033758722574966996
76,76.0,1665.0,1662.0,3.0,99.81981981981981,0.18018018018018722,126535.0,124384.0,2151.0,75.79445118124151,90.15088013411568,14.356428952874168,57.82612738261274,2151.0,39723.0,235.0,124384.0,0.25150606932423586,0.7484939306757642,0.7579445118124151,57.82612738261274,0.9015088013411567,0.24205548818758493,0.016999249219583516,0.033369272655347074
77,77.0,1665.0,1657.0,8.0,99.51951951951952,0.4804804804804803,128200.0,126041.0,2159.0,76.80415826259697,90.4861693210394,13.682011058442427,58.37934228809634,2159.0,38066.0,227.0,126041.0,0.24160174902248144,0.7583982509775186,0.7680415826259697,58.37934228809634,0.904861693210394,0.23195841737403036,0.016840873634945398,0.03306633176603924
78,78.0,1665.0,1659.0,6.0,99.63963963963964,0.36036036036036023,129865.0,127700.0,2165.0,77.81508406100897,90.73763621123219,12.922552150223211,58.9838337182448,2165.0,36407.0,221.0,127700.0,0.2316734036866415,0.7683265963133585,0.7781508406100898,58.9838337182448,0.9073763621123219,0.22184915938991023,0.016671158510761175,0.03274077322666747
79,79.0,1664.0,1655.0,9.0,99.45913461538461,0.5408653846153868,131529.0,129355.0,2174.0,78.82357242530787,91.11483654652137,12.291264121213501,59.50091996320147,2174.0,34752.0,212.0,129355.0,0.2217871021604512,0.7782128978395488,0.7882357242530788,59.50091996320147,0.9111483654652137,0.21176427574692122,0.016528674284758495,0.03246835679348841
80,80.0,1665.0,1657.0,8.0,99.51951951951952,0.4804804804804803,133194.0,131012.0,2182.0,79.83327950666333,91.45012573344509,11.61684622678176,60.042163153070575,2182.0,33095.0,204.0,131012.0,0.21188278185869677,0.7881172181413032,0.7983327950666333,60.042163153070575,0.914501257334451,0.20166720493336665,0.016382119314683845,0.032187638294733735
81,81.0,1665.0,1652.0,13.0,99.21921921921921,0.7807807807807876,134859.0,132664.0,2195.0,80.8399397953774,91.99497066219614,11.155030866818734,60.43917995444191,2195.0,31443.0,191.0,132664.0,0.20203852414215612,0.7979614758578438,0.808399397953774,60.43917995444191,0.9199497066219614,0.19160060204622595,0.016276258907451487,0.031986593318517983
82,82.0,1665.0,1660.0,5.0,99.69969969969969,0.3003003003003073,136524.0,134324.0,2200.0,81.8514749523177,92.20452640402347,10.353051451705767,61.056363636363635,2200.0,29783.0,186.0,134324.0,0.19209816628927343,0.8079018337107265,0.8185147495231769,61.056363636363635,0.9220452640402347,0.18148525047682304,0.016114382819138028,0.03167518537182348
83,83.0,1665.0,1651.0,14.0,99.15915915915916,0.8408408408408405,138189.0,135975.0,2214.0,82.8575258825035,92.79128248113999,9.933756598636492,61.4159891598916,2214.0,28132.0,172.0,135975.0,0.18226592108977555,0.8177340789102244,0.8285752588250349,61.4159891598916,0.9279128248113998,0.17142474117496512,0.016021535722814405,0.03149919971545438
84,84.0,1665.0,1650.0,15.0,99.09909909909909,0.9009009009009077,139854.0,137625.0,2229.0,83.86296745416101,93.41994970662196,9.556982252460955,61.74293405114401,2229.0,26482.0,157.0,137625.0,0.17244568840732044,0.8275543115926796,0.8386296745416101,61.74293405114401,0.9341994970662196,0.16137032545838995,0.01593804968038097,0.031341394825646796
85,85.0,1665.0,1657.0,8.0,99.51951951951952,0.4804804804804803,141519.0,139282.0,2237.0,84.87267453551647,93.75523889354568,8.882564358029214,62.26285203397407,2237.0,24825.0,149.0,139282.0,0.162541368105566,0.837458631894434,0.8487267453551646,62.26285203397407,0.9375523889354568,0.15127325464483538,0.01580706477575449,0.031089955178763767
86,86.0,1665.0,1660.0,5.0,99.69969969969969,0.3003003003003073,143184.0,140942.0,2242.0,85.88420969245675,93.96479463537301,8.08058494291626,62.86440677966102,2242.0,23165.0,144.0,140942.0,0.1526010102526833,0.8473989897473168,0.8588420969245675,62.86440677966102,0.9396479463537301,0.1411579030754325,0.015658174097664544,0.03080305007899979
87,87.0,1665.0,1659.0,6.0,99.63963963963964,0.36036036036036023,144849.0,142601.0,2248.0,86.89513549086877,94.2162615255658,7.321126034697031,63.43460854092527,2248.0,21506.0,138.0,142601.0,0.14267266491684336,0.8573273350831566,0.8689513549086876,63.43460854092527,0.942162615255658,0.13104864509131237,0.015519610076700564,0.030536217611301663
88,88.0,1665.0,1656.0,9.0,99.45945945945945,0.5405405405405475,146514.0,144257.0,2257.0,87.90423321369595,94.59346186085499,6.689228647159041,63.91537439078423,2257.0,19850.0,129.0,144257.0,0.13278035713213168,0.8672196428678683,0.8790423321369594,63.91537439078423,0.9459346186085499,0.12095766786304057,0.01540467122595793,0.030315648085963737
89,89.0,1665.0,1650.0,15.0,99.09909909909909,0.9009009009009077,148179.0,145907.0,2272.0,88.90967478535346,95.22212908633696,6.312454300983504,64.21963028169014,2272.0,18200.0,114.0,145907.0,0.12296012444967656,0.8770398755503235,0.8890967478535345,64.21963028169014,0.9522212908633697,0.11090325214646542,0.01533280694295413,0.030179656626706075
90,90.0,1665.0,1652.0,13.0,99.21921921921921,0.7807807807807876,149844.0,147559.0,2285.0,89.91633507406753,95.76697401508801,5.8506389410204775,64.57724288840262,2285.0,16548.0,101.0,147559.0,0.11311586673313592,0.8868841332668641,0.8991633507406753,64.57724288840262,0.9576697401508801,0.10083664925932471,0.015249192493526601,0.030020363923011235
91,91.0,1665.0,1655.0,10.0,99.3993993993994,0.6006006006006004,151509.0,149214.0,2295.0,90.92482343836643,96.18608549874267,5.2612620603762394,65.01699346405229,2295.0,14893.0,91.0,149214.0,0.10323557146546701,0.896764428534533,0.9092482343836643,65.01699346405229,0.9618608549874267,0.09075176561633569,0.015147614993168723,0.029825530394099874
92,92.0,1665.0,1649.0,16.0,99.03903903903904,0.9609609609609606,153174.0,150863.0,2311.0,91.92965565149566,96.8566638725901,4.9270082210944395,65.28039809606231,2311.0,13244.0,75.0,150863.0,0.09342735130005465,0.9065726486999454,0.9192965565149567,65.28039809606231,0.9685666387259011,0.0807034434850433,0.01508741692454333,0.029712008228336338
93,93.0,1664.0,1651.0,13.0,99.21875,0.78125,154838.0,152514.0,2324.0,92.93570658168146,97.40150880134115,4.465802219659693,65.62564543889845,2324.0,11593.0,62.0,152514.0,0.0835890998420354,0.9164109001579646,0.9293570658168147,65.62564543889845,0.9740150880134115,0.07064293418318536,0.015009235458995854,0.029562916603063146
94,94.0,1665.0,1653.0,12.0,99.27927927927928,0.7207207207207205,156503.0,154167.0,2336.0,93.94297622892381,97.90444258172674,3.9614663528029297,65.99614726027397,2336.0,9940.0,50.0,154167.0,0.07373282960845201,0.926267170391548,0.9394297622892381,65.99614726027397,0.9790444258172674,0.06057023771076188,0.014926231446042567,0.029404175241835494
95,95.0,1665.0,1656.0,9.0,99.45945945945945,0.5405405405405475,158168.0,155823.0,2345.0,94.95207395175099,98.28164291701593,3.32956896526494,66.44904051172708,2345.0,8284.0,41.0,155823.0,0.06384052182374034,0.9361594781762597,0.9495207395175099,66.44904051172708,0.9828164291701592,0.05047926048249008,0.014826007789186182,0.029211355680954693
96,96.0,1665.0,1654.0,11.0,99.33933933933933,0.6606606606606675,159833.0,157477.0,2356.0,95.95995295752162,98.74266554903605,2.782712591514425,66.84083191850594,2356.0,6630.0,30.0,157477.0,0.05397223907311419,0.9460277609268858,0.9595995295752162,66.84083191850594,0.9874266554903605,0.04040047042478383,0.014740385277133007,0.029047152306449924
97,97.0,1665.0,1657.0,8.0,99.51951951951952,0.4804804804804803,161498.0,159134.0,2364.0,96.96966003887708,99.07795473595976,2.108294697082684,67.31556683587141,2364.0,4973.0,22.0,159134.0,0.04406791877135976,0.9559320812286403,0.9696966003887707,67.31556683587141,0.9907795473595976,0.03030339961122926,0.014637952172782326,0.028849674159771545
98,98.0,1665.0,1655.0,10.0,99.3993993993994,0.6006006006006004,163163.0,160789.0,2374.0,97.97814840317598,99.49706621961441,1.5189178164384316,67.72914911541702,2374.0,3318.0,12.0,160789.0,0.034187623503690846,0.9658123764963091,0.9797814840317598,67.72914911541702,0.9949706621961442,0.020218515968240234,0.014549867310603508,0.02868033029495799
99,99.0,1665.0,1657.0,8.0,99.51951951951952,0.4804804804804803,164828.0,162446.0,2382.0,98.98785548453144,99.83235540653814,0.8444999220067047,68.19731318219984,2382.0,1661.0,4.0,162446.0,0.024283303201936418,0.9757166967980636,0.9898785548453143,68.19731318219984,0.9983235540653814,0.010121445154685662,0.014451428155410489,0.02849043740356669
100,100.0,1665.0,1661.0,4.0,99.75975975975976,0.24024024024024015,166493.0,164107.0,2386.0,100.0,100.0,0.0,68.77912824811399,2386.0,0.0,0.0,164107.0,0.014330932832010956,0.9856690671679891,1.0,68.77912824811399,1.0,0.0,0.014330932832010956,0.028256917674784908
